Player,Pos,Age,Tm,G,MP,PER,TS%,3PAr,FTr,ORB%,DRB%,TRB%,AST%,STL%,BLK%,TOV%,USG%, ,OWS,DWS,WS,WS/48, ,OBPM,DBPM,BPM,VORP,season_start,season_end
Steven Adams,C,26,OKC,58,1564,20.8,.605,.007,.413,14.4,23.8,19.3,13.5,1.6,3.5,14.1,17.2,,3.7,2.5,6.2,.190,,2.1,1.1,3.2,2.0,2019,2020
Bam Adebayo,PF,22,MIA,64,2200,20.5,.604,.018,.483,8.6,25.1,17.3,23.2,1.7,3.8,17.6,20.7,,4.4,3.6,8.0,.175,,1.6,2.0,3.6,3.1,2019,2020
LaMarcus Aldridge,C,34,SAS,52,1717,19.9,.573,.199,.243,6.4,18.0,12.2,11.5,0.9,4.3,7.9,23.4,,3.1,1.3,4.4,.123,,1.9,-0.6,1.4,1.5,2019,2020
Nickeil Alexander-Walker,SG,21,NOP,41,501,7.6,.441,.515,.123,1.7,15.2,8.4,20.3,1.0,1.2,14.3,22.8,,-0.7,0.4,-0.4,-0.034,,-3.4,-1.5,-4.9,-0.4,2019,2020
Grayson Allen,SG,24,MEM,30,498,11.4,.577,.517,.199,1.1,12.6,6.9,11.8,0.6,0.2,10.7,17.9,,0.5,0.3,0.7,.070,,-1.0,-1.7,-2.6,-0.1,2019,2020
Jarrett Allen,C,21,BRK,63,1627,20.4,.660,.012,.567,12.4,25.1,18.9,7.9,1.0,4.3,12.3,15.1,,4.3,2.7,7.0,.207,,1.1,1.0,2.1,1.7,2019,2020
Kadeem Allen,SG,27,NYK,10,117,14.0,.512,.364,.250,1.8,6.6,4.1,27.2,2.1,1.6,14.1,20.6,,0.1,0.1,0.1,.054,,-0.1,-0.6,-0.7,0.0,2019,2020
Al-Farouq Aminu,PF,29,ORL,18,380,7.6,.395,.419,.337,6.5,18.4,12.3,7.4,2.3,1.9,14.7,13.2,,-0.4,0.5,0.1,.015,,-4.6,1.4,-3.2,-0.1,2019,2020
Justin Anderson,SF,26,BRK,3,17,-3.8,.218,.500,.333,0.0,11.8,6.1,0.0,0.0,4.9,0.0,16.9,,-0.1,0.0,-0.1,-0.168,,-12.7,-2.3,-15.0,-0.1,2019,2020
Kyle Anderson,PF,26,MEM,58,1114,13.1,.542,.222,.222,5.2,18.4,11.9,15.2,1.9,2.3,15.2,13.5,,0.8,1.4,2.2,.095,,-1.3,1.7,0.4,0.7,2019,2020
Ryan Anderson,PF,31,HOU,2,14,9.5,.357,.714,.000,0.0,52.6,26.1,20.1,3.3,0.0,12.5,23.6,,0.0,0.0,0.0,-0.031,,-4.0,0.7,-3.3,0.0,2019,2020
Giannis Antetokounmpo,PF,25,MIL,57,1763,31.7,.608,.238,.500,7.8,34.5,22.0,33.9,1.5,2.9,13.1,37.4,,5.6,4.7,10.4,.282,,7.5,4.0,11.5,6.0,2019,2020
Kostas Antetokounmpo,PF,22,LAL,3,5,8.6,,,,0.0,21.3,10.9,22.4,0.0,0.0,,0.0,,0.0,0.0,0.0,.136,,1.3,3.0,4.3,0.0,2019,2020
Thanasis Antetokounmpo,SF,27,MIL,18,93,14.2,.528,.194,.417,12.4,8.0,10.1,13.8,2.9,1.9,20.5,23.8,,0.0,0.2,0.2,.083,,-3.9,1.6,-2.4,0.0,2019,2020
Carmelo Anthony,PF,35,POR,49,1591,12.0,.515,.288,.199,4.0,16.0,10.1,6.7,1.1,1.1,10.7,21.5,,0.0,0.8,0.8,.025,,-2.1,-1.9,-4.0,-0.8,2019,2020
OG Anunoby,SF,22,TOR,63,1897,13.2,.598,.408,.163,4.2,14.6,9.5,7.5,2.2,2.1,11.7,14.4,,1.8,3.3,5.1,.130,,-0.8,1.8,1.0,1.5,2019,2020
Ryan Arcidiacono,PG,25,CHI,58,930,9.0,.551,.627,.173,2.3,11.2,6.5,14.3,1.4,0.3,13.5,12.5,,0.7,0.7,1.3,.069,,-2.7,-0.1,-2.8,-0.2,2019,2020
Trevor Ariza,SF,34,TOT,52,1456,10.8,.585,.638,.224,2.5,15.7,9.0,8.3,2.3,0.9,13.6,11.7,,1.2,1.3,2.5,.081,,-1.7,1.0,-0.7,0.5,2019,2020
D.J. Augustin,PG,32,ORL,48,1191,14.2,.547,.442,.397,1.5,8.4,4.8,26.7,1.2,0.1,12.7,18.8,,1.7,0.8,2.5,.102,,-0.4,-0.9,-1.3,0.2,2019,2020
Deandre Ayton,C,21,PHO,30,996,20.4,.571,.006,.168,13.5,27.0,20.1,9.7,1.0,4.5,12.4,24.3,,1.2,1.3,2.4,.118,,0.9,-0.5,0.4,0.6,2019,2020
Dwayne Bacon,SG,24,CHO,39,687,6.1,.419,.275,.217,2.3,14.0,7.9,11.7,1.7,0.3,12.2,19.5,,-1.2,0.4,-0.8,-0.054,,-5.9,-1.0,-6.9,-0.8,2019,2020
Marvin Bagley,PF,20,SAC,13,334,15.7,.512,.132,.186,9.5,23.6,16.4,5.0,0.9,3.4,9.1,25.9,,0.0,0.4,0.4,.055,,-2.1,-1.3,-3.4,-0.1,2019,2020
Lonzo Ball,PG,22,NOP,56,1817,13.7,.529,.578,.107,3.6,16.6,10.1,29.3,2.0,1.4,20.7,18.6,,0.7,1.8,2.6,.068,,0.5,0.6,1.0,1.4,2019,2020
Mo Bamba,C,21,ORL,59,855,17.6,.549,.367,.162,11.5,25.5,18.3,7.1,1.1,9.0,12.4,17.2,,0.8,1.6,2.4,.136,,-1.4,1.7,0.3,0.5,2019,2020
J.J. Barea,PG,35,DAL,25,374,15.4,.519,.429,.102,2.9,10.1,6.6,38.2,0.5,0.5,15.5,25.0,,0.5,0.2,0.7,.085,,2.5,-3.0,-0.5,0.1,2019,2020
Harrison Barnes,PF,27,SAC,64,2231,13.3,.575,.342,.343,3.0,12.7,7.7,9.9,0.8,0.4,8.9,17.6,,3.1,1.1,4.2,.091,,0.0,-1.2,-1.2,0.5,2019,2020
RJ Barrett,SG,19,NYK,54,1635,10.4,.473,.268,.345,3.1,14.7,8.7,12.9,1.5,0.9,12.7,23.9,,-1.6,1.0,-0.6,-0.018,,-3.0,-1.5,-4.5,-1.0,2019,2020
Will Barton,SF,29,DEN,57,1878,15.5,.546,.387,.182,4.5,16.8,10.6,16.1,1.6,1.4,10.2,20.0,,2.3,2.1,4.4,.112,,1.2,-0.1,1.1,1.5,2019,2020
Keita Bates-Diop,SF,24,TOT,39,665,12.6,.541,.452,.332,3.2,15.0,8.9,6.5,1.2,2.6,5.5,15.6,,0.6,0.5,1.1,.080,,-0.7,-0.1,-0.8,0.2,2019,2020
Nicolas Batum,SF,31,CHO,22,505,9.2,.463,.605,.123,5.2,16.9,10.8,18.3,1.7,1.5,20.5,9.4,,0.2,0.4,0.6,.054,,-2.8,0.8,-1.9,0.0,2019,2020
Aron Baynes,C,33,PHO,41,901,15.9,.593,.439,.204,8.5,20.8,14.5,11.3,0.5,2.2,10.7,21.1,,1.4,0.7,2.2,.116,,0.2,-0.8,-0.5,0.3,2019,2020
Kent Bazemore,SF-SG,30,TOT,64,1604,9.2,.500,.461,.287,1.6,16.9,9.2,7.1,2.1,2.1,13.2,17.2,,-0.8,1.5,0.7,.020,,-3.4,0.4,-3.0,-0.4,2019,2020
Darius Bazley,PF,19,OKC,53,909,8.2,.475,.435,.204,2.7,20.7,12.0,4.3,1.1,3.3,13.8,14.1,,-0.8,1.2,0.4,.019,,-3.1,0.7,-2.4,-0.1,2019,2020
Bradley Beal,SG,26,WAS,56,2015,23.0,.578,.369,.346,2.7,10.6,6.5,29.0,1.6,0.9,11.4,34.3,,4.5,0.4,4.9,.117,,5.4,-2.5,2.9,2.5,2019,2020
Malik Beasley,SG,23,TOT,54,1176,13.2,.552,.518,.126,1.6,11.9,6.7,9.6,1.6,0.6,9.1,21.9,,0.6,0.9,1.5,.060,,-0.4,-1.2,-1.6,0.1,2019,2020
Marco Belinelli,SG,33,SAS,51,757,9.7,.507,.567,.156,0.6,11.7,6.1,11.4,0.6,0.1,5.4,17.0,,0.3,0.1,0.4,.025,,-1.4,-1.9,-3.4,-0.3,2019,2020
Jordan Bell,C-PF,25,TOT,29,256,13.9,.577,.179,.463,11.9,21.8,16.6,8.9,0.5,3.2,20.7,16.4,,0.2,0.2,0.4,.069,,-1.3,-1.1,-2.5,0.0,2019,2020
DeAndre' Bembry,SG,25,ATL,43,915,9.6,.500,.285,.211,4.0,14.0,8.9,12.3,2.8,1.7,19.4,14.0,,-0.5,0.7,0.2,.011,,-3.4,1.0,-2.4,-0.1,2019,2020
Dragan Bender,SF,22,TOT,15,260,9.1,.500,.475,.113,6.0,20.6,13.4,13.6,0.7,3.1,17.7,16.6,,-0.1,0.3,0.2,.032,,-4.0,0.5,-3.6,-0.1,2019,2020
Dāvis Bertāns,PF,27,WAS,53,1554,15.7,.630,.770,.198,2.4,15.2,8.6,8.2,1.1,1.8,8.2,19.0,,3.0,0.4,3.5,.107,,2.8,-1.8,1.0,1.2,2019,2020
Patrick Beverley,PG,31,LAC,47,1278,12.2,.549,.613,.127,4.6,15.7,10.3,18.3,2.0,1.7,15.7,12.8,,1.4,2.0,3.3,.125,,-0.6,2.6,2.0,1.3,2019,2020
Khem Birch,C,27,ORL,40,777,10.1,.529,.009,.583,9.3,15.7,12.4,6.1,1.0,2.4,13.7,9.3,,0.7,0.8,1.5,.092,,-3.4,0.3,-3.1,-0.2,2019,2020
Goga Bitadze,C,20,IND,49,410,12.2,.530,.279,.256,6.0,19.8,12.9,7.1,0.7,6.9,14.8,18.1,,-0.1,0.7,0.6,.069,,-4.0,1.4,-2.5,-0.1,2019,2020
Bismack Biyombo,C,27,CHO,52,1018,16.2,.571,.000,.547,12.4,20.7,16.4,7.9,0.5,4.4,12.3,16.9,,1.5,0.9,2.4,.113,,-1.8,-0.8,-2.6,-0.1,2019,2020
Nemanja Bjelica,PF,31,SAC,64,1821,15.6,.597,.488,.121,6.5,19.4,12.8,14.6,1.4,1.7,12.6,17.4,,3.0,1.7,4.7,.125,,1.3,0.2,1.5,1.6,2019,2020
Eric Bledsoe,PG,30,MIL,56,1524,18.2,.579,.304,.292,2.8,13.3,8.4,28.5,1.6,1.4,15.8,24.0,,2.4,2.9,5.3,.168,,1.2,1.0,2.2,1.6,2019,2020
Bogdan Bogdanović,SG,27,SAC,53,1510,14.4,.560,.595,.164,1.2,11.8,6.4,17.2,1.7,0.9,11.5,22.3,,1.2,1.1,2.4,.075,,0.7,-0.3,0.4,0.9,2019,2020
Bojan Bogdanović,SF,30,UTA,63,2083,15.7,.603,.489,.296,2.2,11.1,6.8,9.9,0.8,0.3,13.1,25.6,,2.7,1.6,4.3,.100,,1.7,-1.5,0.2,1.1,2019,2020
Jonah Bolden,PF,24,TOT,7,47,4.9,.392,.364,.364,7.0,14.4,10.6,0.0,3.0,3.7,13.6,13.4,,-0.1,0.1,0.0,-0.008,,-8.7,-0.1,-8.9,-0.1,2019,2020
Marques Bolden,C,21,CLE,1,3,19.8,,,,0.0,74.7,37.0,0.0,16.2,0.0,,0.0,,0.0,0.0,0.0,.281,,-5.9,11.2,5.3,0.0,2019,2020
Jordan Bone,PG,22,DET,10,53,0.8,.300,.500,.000,0.0,8.7,4.3,21.0,0.9,0.0,9.1,18.1,,-0.1,0.0,-0.1,-0.116,,-9.0,-2.9,-11.9,-0.1,2019,2020
Isaac Bonga,SF,20,WAS,58,1025,10.7,.627,.299,.348,6.3,13.6,9.8,7.7,1.7,1.8,16.2,10.3,,1.3,0.4,1.7,.080,,-2.3,-0.1,-2.4,-0.1,2019,2020
Devin Booker,SG,23,PHO,61,2205,19.9,.620,.314,.395,1.3,11.6,6.4,29.9,1.0,0.6,15.8,29.4,,4.8,1.2,6.1,.132,,3.2,-1.4,1.8,2.1,2019,2020
Chris Boucher,PF,27,TOR,55,724,19.9,.570,.381,.396,14.0,21.1,17.7,4.7,1.3,7.1,7.0,19.4,,1.7,1.5,3.2,.214,,0.5,1.0,1.5,0.6,2019,2020
Brian Bowen,SG,21,IND,5,29,-2.0,.222,.222,.000,3.8,22.7,13.3,0.0,0.0,3.0,10.0,15.2,,-0.1,0.0,-0.1,-0.153,,-9.9,-2.1,-12.0,-0.1,2019,2020
Ky Bowman,PG,22,GSW,44,991,9.0,.486,.333,.130,2.5,10.5,6.4,19.6,2.1,0.9,17.2,17.3,,-0.7,0.6,-0.1,-0.005,,-4.1,-0.3,-4.5,-0.6,2019,2020
Avery Bradley,SG,29,LAL,48,1155,9.0,.540,.444,.065,1.7,8.8,5.3,7.1,1.8,0.4,10.9,15.7,,0.2,1.4,1.6,.067,,-2.7,0.5,-2.3,-0.1,2019,2020
Tony Bradley,C,22,UTA,50,535,21.8,.675,.006,.258,19.3,24.7,22.1,4.9,1.1,3.9,11.8,16.1,,1.8,0.9,2.7,.242,,0.9,0.5,1.4,0.5,2019,2020
Jarrell Brantley,PF,23,UTA,5,13,2.7,,,,0.0,40.3,21.1,9.2,0.0,12.8,100.0,6.8,,0.0,0.0,0.0,-0.054,,-8.7,5.9,-2.8,0.0,2019,2020
Ignas Brazdeikis,SF,21,NYK,9,53,3.3,.351,.409,.227,3.9,6.2,5.0,10.6,0.0,1.8,7.6,21.0,,-0.1,0.0,-0.1,-0.107,,-5.1,-3.9,-9.0,-0.1,2019,2020
Mikal Bridges,SF,23,PHO,64,1730,13.0,.623,.394,.262,3.6,12.9,8.2,8.9,2.5,1.9,12.3,12.5,,2.2,1.9,4.1,.113,,-0.7,1.7,1.0,1.3,2019,2020
Miles Bridges,SF,21,CHO,64,1961,12.2,.522,.402,.170,4.6,15.5,9.9,9.4,1.0,2.2,10.6,19.9,,0.3,1.2,1.6,.038,,-1.5,-1.1,-2.6,-0.3,2019,2020
Oshae Brissett,SF,21,TOR,19,135,6.7,.458,.417,.278,7.2,13.0,10.2,7.0,1.4,0.7,14.8,15.0,,-0.1,0.2,0.1,.042,,-5.6,0.3,-5.3,-0.1,2019,2020
Ryan Broekhoff,SG,29,DAL,17,180,13.1,.568,.864,.136,3.0,21.6,12.5,8.3,1.3,1.9,8.8,16.3,,0.2,0.2,0.4,.116,,0.5,0.3,0.8,0.1,2019,2020
Malcolm Brogdon,PG,27,IND,48,1472,17.8,.537,.296,.246,3.0,13.8,8.5,34.5,1.1,0.5,13.6,25.2,,2.0,1.5,3.5,.113,,2.3,-0.6,1.6,1.3,2019,2020
Dillon Brooks,SG,24,MEM,64,1818,11.2,.507,.386,.193,3.6,8.6,6.1,10.1,1.4,1.2,9.5,24.9,,-0.3,1.3,1.0,.026,,-2.8,-1.6,-4.4,-1.1,2019,2020
Bruce Brown,SG,23,DET,58,1634,11.9,.518,.215,.266,4.2,15.0,9.5,20.4,1.9,1.5,16.7,16.0,,0.8,1.4,2.2,.064,,-2.0,0.9,-1.1,0.3,2019,2020
Charlie Brown,SG,22,ATL,10,40,11.1,.472,.474,.263,5.3,5.4,5.4,7.3,2.3,4.2,12.4,25.1,,0.0,0.0,0.0,-0.028,,-1.1,-1.4,-2.5,0.0,2019,2020
Jaylen Brown,SF,23,BOS,50,1702,17.1,.589,.364,.280,3.4,16.5,10.0,10.2,1.6,0.9,11.8,24.7,,2.1,2.3,4.5,.126,,1.1,-0.2,0.9,1.3,2019,2020
Moses Brown,C,20,POR,9,33,6.8,.407,.000,.800,9.6,34.0,22.0,4.1,1.4,2.6,18.2,21.2,,-0.1,0.0,0.0,-0.063,,-8.2,-1.8,-10.0,-0.1,2019,2020
Sterling Brown,SF,24,MIL,45,665,9.3,.478,.523,.161,4.4,19.2,12.3,8.8,1.5,0.9,13.4,16.7,,-0.4,1.3,1.0,.071,,-2.9,0.9,-2.1,0.0,2019,2020
Troy Brown,SG,20,WAS,60,1495,13.8,.531,.285,.219,4.4,19.5,11.7,13.1,2.4,0.3,10.1,17.0,,1.2,0.9,2.1,.069,,-0.9,-0.4,-1.3,0.3,2019,2020
Jalen Brunson,PG,23,DAL,57,1022,15.0,.553,.309,.193,2.3,11.2,6.8,26.9,1.0,0.3,13.6,20.4,,1.6,0.7,2.3,.108,,0.2,-1.1,-0.8,0.3,2019,2020
Thomas Bryant,C,22,WAS,37,876,19.8,.659,.174,.302,8.5,23.3,15.6,11.8,0.7,3.3,12.4,18.3,,2.2,0.4,2.7,.148,,1.9,-1.1,0.8,0.6,2019,2020
Reggie Bullock,SG,28,NYK,28,656,9.3,.495,.500,.087,2.0,8.9,5.4,8.6,1.9,0.3,6.6,15.7,,0.2,0.3,0.5,.038,,-2.9,-0.2,-3.1,-0.2,2019,2020
Trey Burke,PG,27,PHI,25,329,15.4,.545,.299,.142,5.0,6.7,5.9,24.2,1.0,0.3,8.2,19.3,,0.6,0.2,0.9,.129,,0.6,-1.1,-0.5,0.1,2019,2020
Alec Burks,SG,28,TOT,58,1591,16.0,.549,.388,.355,2.8,15.2,8.8,16.9,1.7,1.0,9.2,23.8,,1.9,1.1,3.0,.090,,0.5,-0.8,-0.3,0.7,2019,2020
Deonte Burton,SG,26,OKC,34,284,6.0,.426,.438,.114,2.4,15.9,9.4,5.6,0.9,3.0,11.3,19.3,,-0.6,0.3,-0.3,-0.047,,-5.5,-0.3,-5.8,-0.3,2019,2020
Jimmy Butler,SF,30,MIA,54,1851,23.4,.583,.162,.679,6.2,15.2,10.9,28.1,2.4,1.6,11.2,25.1,,6.0,2.5,8.5,.221,,4.1,1.2,5.3,3.4,2019,2020
Bruno Caboclo,SF,24,TOT,27,220,13.4,.455,.364,.065,10.6,14.5,12.6,7.4,2.5,6.3,10.2,16.7,,0.0,0.4,0.3,.071,,-2.5,1.1,-1.4,0.0,2019,2020
Kentavious Caldwell-Pope,SG,26,LAL,62,1579,11.6,.593,.473,.207,2.6,6.1,4.4,8.6,1.6,0.7,9.6,14.8,,2.1,1.7,3.8,.116,,-0.7,0.4,-0.3,0.7,2019,2020
Vlatko Čančar,SF,22,DEN,14,45,11.4,.507,.400,.267,12.3,12.4,12.4,9.1,1.1,2.0,15.2,19.0,,0.0,0.0,0.1,.069,,-3.3,-1.2,-4.6,0.0,2019,2020
Clint Capela,C,25,HOU,39,1279,20.7,.626,.000,.268,13.7,30.4,22.0,5.7,1.2,4.8,12.7,16.0,,2.9,2.1,4.9,.186,,1.2,0.4,1.6,1.2,2019,2020
DeMarre Carroll,SF,33,TOT,21,231,8.5,.523,.500,.667,5.1,16.7,10.8,10.1,0.8,1.5,18.6,15.8,,0.0,0.1,0.1,.026,,-3.4,-1.2,-4.5,-0.1,2019,2020
Jevon Carter,PG,24,PHO,49,731,10.3,.538,.563,.117,3.6,10.4,6.9,11.9,2.4,1.3,12.7,13.8,,0.3,0.7,1.0,.069,,-1.6,0.8,-0.8,0.2,2019,2020
Vince Carter,SF,43,ATL,59,863,7.6,.470,.669,.097,2.2,13.3,7.7,7.8,1.2,2.4,9.6,16.6,,-0.6,0.4,-0.2,-0.012,,-3.0,-1.2,-4.2,-0.5,2019,2020
Wendell Carter,C,20,CHI,42,1229,15.3,.585,.087,.443,11.8,24.6,17.9,6.0,1.2,2.8,14.9,16.3,,1.6,1.5,3.2,.124,,-2.1,-0.4,-2.5,-0.2,2019,2020
Michael Carter-Williams,SG,28,ORL,41,749,15.2,.525,.279,.348,5.8,14.1,9.8,20.0,2.8,2.4,14.6,18.2,,0.6,1.1,1.7,.108,,-1.7,1.8,0.1,0.4,2019,2020
Alex Caruso,PG,25,LAL,57,1018,11.2,.541,.410,.297,1.4,10.2,5.9,12.6,2.8,1.5,13.2,13.8,,0.6,1.6,2.3,.106,,-2.3,2.4,0.1,0.5,2019,2020
Willie Cauley-Stein,C,26,TOT,53,1086,17.0,.585,.003,.221,8.0,22.9,15.3,9.9,2.2,5.0,10.6,14.4,,1.5,1.5,2.9,.129,,-1.3,1.6,0.3,0.6,2019,2020
Tyson Chandler,C,37,HOU,26,219,10.8,.717,.000,.722,11.9,19.7,15.8,3.5,1.3,3.1,25.2,6.0,,0.3,0.3,0.6,.130,,-2.4,1.1,-1.3,0.0,2019,2020
Wilson Chandler,SF,32,BRK,34,708,7.4,.526,.657,.116,1.6,18.3,10.2,7.1,1.1,1.4,14.4,13.1,,-0.2,0.9,0.7,.048,,-3.8,0.9,-2.9,-0.2,2019,2020
Joe Chealey,PG,24,CHO,3,31,-3.0,.127,.571,.286,0.0,0.0,0.0,4.2,6.5,0.0,20.2,14.0,,-0.2,0.0,-0.1,-0.201,,-15.1,1.6,-13.5,-0.1,2019,2020
Zylan Cheatham,SF,24,NOP,3,31,0.1,.400,.200,.000,3.4,17.1,10.2,7.9,0.0,2.7,37.5,10.5,,-0.1,0.0,-0.1,-0.080,,-10.1,-0.1,-10.2,-0.1,2019,2020
Chris Chiozza,PG,24,TOT,20,232,12.2,.522,.493,.029,2.3,13.4,7.8,25.1,3.0,0.8,19.6,15.6,,0.1,0.2,0.3,.063,,-1.8,1.9,0.1,0.1,2019,2020
Marquese Chriss,PF,22,GSW,58,1169,19.5,.602,.103,.400,9.9,23.4,16.4,15.4,1.6,4.8,14.7,19.1,,2.0,1.3,3.3,.136,,-0.1,0.6,0.5,0.8,2019,2020
Gary Clark,PF,25,TOT,34,416,10.7,.544,.859,.091,6.5,14.8,10.6,4.8,0.5,3.0,3.7,10.8,,0.6,0.4,0.9,.104,,-0.9,-1.1,-2.0,0.0,2019,2020
Brandon Clarke,PF,23,MEM,50,1086,21.8,.670,.127,.228,7.7,20.3,14.1,10.1,1.1,3.4,9.3,18.9,,3.1,1.3,4.4,.193,,2.8,0.5,3.4,1.5,2019,2020
Jordan Clarkson,SG,27,TOT,63,1527,17.9,.583,.469,.193,3.5,8.5,6.0,13.4,1.4,0.8,9.1,25.5,,2.6,0.9,3.5,.110,,2.8,-1.2,1.6,1.4,2019,2020
Nicolas Claxton,PF,20,BRK,15,187,14.9,.577,.146,.438,10.7,13.4,12.1,12.6,0.3,3.5,13.6,14.8,,0.3,0.2,0.5,.124,,-0.7,0.1,-0.6,0.1,2019,2020
Chris Clemons,SG,22,HOU,29,251,12.6,.546,.746,.056,1.2,8.4,4.8,13.5,1.1,1.7,11.6,24.0,,0.1,0.2,0.2,.047,,0.5,-1.7,-1.2,0.1,2019,2020
Antonius Cleveland,SG,25,DAL,6,22,2.9,.363,.167,.333,0.0,14.0,7.1,0.0,2.2,3.8,12.7,15.3,,-0.1,0.0,0.0,-0.075,,-8.9,0.5,-8.4,0.0,2019,2020
Amir Coffey,SG,22,LAC,12,89,7.2,.443,.214,.107,4.8,10.2,7.5,12.4,0.5,1.0,9.3,15.1,,0.0,0.1,0.1,.032,,-4.5,-0.8,-5.3,-0.1,2019,2020
John Collins,PF,22,ATL,40,1322,23.8,.665,.241,.250,9.0,23.8,16.3,7.9,1.0,4.1,10.0,22.7,,3.8,1.1,4.9,.178,,3.9,-0.5,3.3,1.8,2019,2020
Zach Collins,PF,22,POR,3,86,9.0,.624,.368,.316,4.9,9.5,7.2,9.1,0.0,2.0,21.7,13.6,,0.1,0.0,0.1,.044,,-1.1,-0.7,-1.8,0.0,2019,2020
Mike Conley,PG,32,UTA,41,1171,13.7,.527,.438,.241,2.7,9.5,6.2,22.8,1.3,0.3,12.4,23.0,,1.0,1.0,2.1,.085,,0.4,-0.3,0.1,0.6,2019,2020
Pat Connaughton,SG,27,MIL,61,1119,11.2,.558,.525,.138,5.3,16.9,11.4,10.6,0.8,2.3,14.5,11.9,,0.9,2.1,3.0,.130,,-1.0,1.5,0.5,0.7,2019,2020
Quinn Cook,PG,26,LAL,38,409,10.5,.517,.382,.052,1.9,8.6,5.3,13.8,1.3,0.2,12.4,20.8,,-0.1,0.4,0.4,.043,,-2.2,-1.1,-3.3,-0.1,2019,2020
Tyler Cook,PF,22,CLE,11,35,23.9,.752,.000,.600,12.6,19.2,15.9,4.5,1.4,0.0,7.3,16.6,,0.2,0.0,0.2,.244,,3.0,-0.7,2.3,0.0,2019,2020
Robert Covington,PF,29,TOT,61,1826,13.8,.572,.657,.166,2.9,20.0,11.2,5.8,2.4,3.6,11.7,17.5,,0.9,2.4,3.3,.086,,-0.8,1.2,0.3,1.1,2019,2020
Allen Crabbe,SG,27,TOT,37,653,6.0,.470,.672,.079,1.8,11.0,6.3,6.9,1.1,0.5,8.5,12.7,,-0.2,0.1,-0.1,-0.007,,-3.7,-1.5,-5.2,-0.5,2019,2020
Torrey Craig,SF,29,DEN,49,850,10.6,.560,.517,.151,6.3,14.0,10.2,5.2,1.0,3.4,8.8,12.2,,0.8,0.9,1.7,.097,,-2.3,0.2,-2.1,0.0,2019,2020
Jae Crowder,SF,29,TOT,57,1664,12.0,.532,.689,.240,3.0,18.5,10.9,11.5,1.8,1.1,10.0,15.7,,1.1,1.9,3.0,.088,,-0.9,0.2,-0.7,0.5,2019,2020
Jarrett Culver,SG,20,MIN,62,1487,9.5,.464,.390,.205,4.8,10.4,7.5,10.7,1.8,2.1,11.6,19.1,,-1.2,1.0,-0.2,-0.006,,-3.3,-0.7,-4.0,-0.8,2019,2020
Seth Curry,SG,29,DAL,59,1448,16.2,.650,.564,.165,1.9,8.0,5.0,12.1,1.2,0.5,9.5,18.6,,3.4,0.9,4.3,.143,,2.1,-0.7,1.4,1.3,2019,2020
Stephen Curry,PG,31,GSW,5,139,21.8,.557,.598,.317,3.0,17.8,10.1,42.3,1.7,1.3,14.6,33.6,,0.2,0.1,0.3,.106,,4.2,-0.6,3.6,0.2,2019,2020
Troy Daniels,SG,28,TOT,42,457,8.9,.524,.711,.101,2.9,7.9,5.5,4.1,0.8,0.6,5.1,16.2,,0.2,0.4,0.7,.070,,-1.1,-1.1,-2.2,0.0,2019,2020
Anthony Davis,PF,26,LAL,54,1853,28.3,.614,.191,.464,7.3,22.2,15.0,14.7,2.1,6.3,10.2,29.8,,6.1,4.0,10.2,.263,,5.8,2.8,8.5,4.9,2019,2020
Ed Davis,C,30,UTA,25,268,7.3,.425,.000,.324,12.4,25.8,19.4,3.8,1.8,2.8,25.1,8.5,,-0.1,0.5,0.4,.074,,-5.5,1.7,-3.8,-0.1,2019,2020
Terence Davis,SG,22,TOR,64,1087,14.6,.598,.568,.133,4.6,16.3,10.5,14.6,1.4,1.1,13.6,18.9,,1.4,1.6,3.0,.133,,0.8,0.5,1.3,0.9,2019,2020
Dewayne Dedmon,C,30,TOT,43,747,9.4,.476,.421,.146,8.2,27.4,17.6,4.0,1.5,5.0,17.6,18.4,,-0.9,1.0,0.1,.006,,-5.8,0.0,-5.8,-0.7,2019,2020
Matthew Dellavedova,PG,29,CLE,56,787,7.8,.449,.517,.215,2.5,7.8,5.1,28.8,1.2,0.1,23.2,13.3,,0.0,0.1,0.0,.003,,-3.8,-1.6,-5.5,-0.7,2019,2020
DeMar DeRozan,SF,30,SAS,60,2056,21.4,.598,.032,.421,1.9,15.8,8.9,25.6,1.4,0.6,11.4,26.7,,5.1,1.0,6.1,.143,,2.2,-0.5,1.7,1.9,2019,2020
Cheick Diallo,C,23,PHO,43,454,15.9,.685,.015,.280,6.3,24.0,15.0,7.3,1.0,2.1,16.8,16.7,,0.7,0.5,1.2,.125,,-1.3,-0.3,-1.6,0.0,2019,2020
Hamidou Diallo,SF,21,OKC,38,699,8.4,.488,.160,.205,4.8,14.3,9.7,4.5,2.0,1.0,13.4,17.4,,-0.6,0.8,0.2,.014,,-5.0,0.3,-4.7,-0.5,2019,2020
Gorgui Dieng,C,30,TOT,57,997,17.3,.562,.415,.244,8.9,26.3,17.4,10.0,2.2,4.5,12.7,17.8,,1.1,1.5,2.6,.125,,-0.1,1.6,1.5,0.9,2019,2020
Spencer Dinwiddie,SG,26,BRK,63,1963,17.9,.541,.394,.436,1.7,9.4,5.7,35.5,0.9,0.9,12.4,29.1,,3.3,1.7,5.0,.122,,2.7,-0.8,1.8,1.9,2019,2020
Donte DiVincenzo,SG,23,MIL,59,1362,15.0,.570,.489,.173,4.6,15.7,10.5,13.3,2.7,1.2,12.9,16.9,,1.4,3.1,4.5,.158,,-0.6,2.7,2.1,1.4,2019,2020
Luka Dončić,PG,20,DAL,52,1723,27.7,.583,.442,.445,4.1,25.1,14.8,45.6,1.5,0.5,14.8,37.0,,5.5,2.2,7.7,.215,,7.5,0.9,8.4,4.5,2019,2020
Luguentz Dort,SG,20,OKC,29,637,7.3,.521,.465,.229,2.7,6.6,4.7,4.5,1.8,0.3,8.0,13.0,,0.2,0.5,0.7,.051,,-4.4,0.5,-3.9,-0.3,2019,2020
Damyean Dotson,SG,25,NYK,48,836,11.0,.527,.562,.114,1.2,10.7,5.8,10.0,1.3,0.5,6.5,16.5,,0.6,0.3,1.0,.055,,-1.0,-0.6,-1.5,0.1,2019,2020
Sekou Doumbouya,SF,19,DET,37,731,6.4,.478,.418,.198,3.1,15.2,9.1,3.4,1.3,0.9,12.2,17.1,,-0.8,0.5,-0.3,-0.018,,-5.1,-1.4,-6.6,-0.8,2019,2020
PJ Dozier,PG,23,DEN,21,234,9.3,.449,.308,.121,2.4,11.9,7.1,17.5,1.5,2.0,10.3,19.8,,-0.1,0.2,0.1,.020,,-4.3,-0.8,-5.1,-0.2,2019,2020
Goran Dragić,PG,33,MIA,53,1505,16.3,.576,.472,.336,2.0,9.7,6.0,28.6,1.0,0.5,14.6,25.7,,2.2,1.1,3.3,.104,,1.8,-1.9,-0.1,0.7,2019,2020
Andre Drummond,C,26,TOT,56,1844,22.2,.552,.045,.370,15.1,37.8,26.3,13.7,2.9,4.2,18.0,25.8,,0.7,3.6,4.3,.113,,0.0,1.1,1.1,1.4,2019,2020
Jared Dudley,SF,34,LAL,40,311,7.4,.570,.680,.040,1.8,13.0,7.5,7.4,1.8,0.8,10.5,7.7,,0.2,0.4,0.7,.103,,-2.6,1.9,-0.8,0.1,2019,2020
Kris Dunn,PG,25,CHI,51,1269,12.1,.510,.327,.158,1.9,14.9,8.1,19.5,3.8,1.3,15.7,14.6,,0.3,2.0,2.2,.084,,-3.7,3.2,-0.6,0.4,2019,2020
Carsen Edwards,SG,21,BOS,35,316,6.5,.446,.602,.115,2.1,12.4,7.3,9.5,1.5,0.9,11.2,18.1,,-0.3,0.4,0.1,.013,,-4.6,-0.4,-5.0,-0.2,2019,2020
Henry Ellenson,PF,23,BRK,5,15,-1.2,.143,.571,.000,14.1,26.7,20.6,8.8,0.0,0.0,0.0,19.5,,-0.1,0.0,-0.1,-0.180,,-7.7,-3.0,-10.8,0.0,2019,2020
Wayne Ellington,SG,32,NYK,34,533,8.7,.518,.812,.079,0.8,11.3,5.9,10.5,1.1,0.7,9.1,14.9,,0.2,0.2,0.4,.039,,-1.8,-0.8,-2.7,-0.1,2019,2020
Joel Embiid,C,25,PHI,43,1302,25.7,.591,.231,.541,9.9,33.0,21.4,17.2,1.4,3.8,13.4,32.5,,3.0,2.4,5.4,.199,,3.9,1.3,5.2,2.3,2019,2020
James Ennis,SF,29,TOT,60,1030,11.5,.555,.472,.262,6.3,14.7,10.5,7.1,1.3,1.7,11.5,15.3,,0.9,1.2,2.0,.095,,-2.2,-0.3,-2.5,-0.1,2019,2020
Drew Eubanks,PF,22,SAS,13,123,15.3,.776,.036,.393,7.0,22.8,14.9,3.5,0.4,3.6,21.5,14.8,,0.2,0.1,0.3,.121,,-2.6,-1.9,-4.5,-0.1,2019,2020
Jacob Evans,SG,22,TOT,29,418,5.5,.436,.291,.216,2.2,8.6,5.3,10.8,1.3,2.6,14.6,17.5,,-0.7,0.2,-0.5,-0.054,,-5.8,-1.4,-7.2,-0.5,2019,2020
Dante Exum,SG,24,TOT,35,485,10.4,.576,.361,.361,2.8,12.6,7.6,11.5,1.3,1.4,18.4,15.0,,0.2,0.2,0.4,.043,,-2.5,-0.5,-3.0,-0.1,2019,2020
Tacko Fall,C,24,BOS,6,24,23.9,.713,.000,.250,0.0,48.7,24.6,0.0,0.0,7.7,18.4,29.0,,0.0,0.1,0.1,.102,,-1.9,3.0,1.1,0.0,2019,2020
Derrick Favors,C,28,NOP,45,1089,19.0,.624,.023,.203,14.1,29.0,21.5,9.8,1.1,3.4,13.3,14.4,,2.4,1.4,3.8,.168,,0.9,0.2,1.1,0.9,2019,2020
Cristiano Felício,PF,27,CHI,22,386,12.8,.671,.037,.426,15.0,14.1,14.6,5.7,1.2,0.5,21.9,9.1,,0.7,0.3,1.0,.126,,-1.5,-1.6,-3.1,-0.1,2019,2020
Terrance Ferguson,SF,21,OKC,50,1170,4.1,.504,.779,.095,2.3,4.6,3.5,5.0,1.1,1.2,12.6,9.0,,-0.1,0.8,0.6,.027,,-4.4,0.3,-4.2,-0.7,2019,2020
Bruno Fernando,C,21,ATL,55,697,12.1,.546,.189,.255,10.1,20.3,15.1,10.0,1.2,2.0,16.2,15.5,,0.4,0.4,0.8,.057,,-3.1,-1.0,-4.1,-0.4,2019,2020
Yogi Ferrell,PG,26,SAC,44,484,10.7,.499,.408,.219,1.4,10.0,5.6,17.6,1.4,0.8,11.9,18.9,,0.1,0.3,0.4,.036,,-2.1,-0.4,-2.5,-0.1,2019,2020
Dorian Finney-Smith,PF,26,DAL,63,1860,12.2,.594,.579,.217,7.1,12.3,9.8,7.0,1.1,1.7,11.1,12.7,,2.8,1.6,4.4,.114,,0.1,-0.2,-0.1,0.9,2019,2020
Bryn Forbes,SG,26,SAS,62,1559,11.3,.570,.654,.155,0.8,7.7,4.2,9.7,1.0,0.0,8.4,18.7,,1.3,0.2,1.5,.045,,-0.6,-2.1,-2.7,-0.3,2019,2020
Evan Fournier,SG,27,ORL,61,1931,16.7,.599,.467,.236,0.9,8.0,4.4,16.6,1.8,0.7,11.1,24.2,,2.8,1.7,4.4,.110,,1.5,-0.3,1.2,1.6,2019,2020
De'Aaron Fox,PG,22,SAC,45,1426,20.4,.556,.221,.442,2.3,12.3,7.2,35.4,2.2,1.5,14.6,29.6,,2.1,1.3,3.5,.117,,2.0,-0.4,1.7,1.3,2019,2020
Melvin Frazier,SG,23,ORL,15,51,7.5,.480,.412,.235,2.0,6.5,4.2,2.8,3.8,3.5,13.8,18.5,,-0.1,0.1,0.0,.003,,-6.1,1.6,-4.5,0.0,2019,2020
Michael Frazier,SG,25,HOU,8,66,2.4,.513,.727,.545,1.6,3.2,2.4,1.9,1.4,0.0,12.8,9.8,,0.0,0.0,0.0,.016,,-7.8,-0.9,-8.7,-0.1,2019,2020
Tim Frazier,PG,29,DET,27,355,9.8,.464,.319,.255,2.8,7.8,5.3,36.5,1.9,0.9,25.6,17.3,,-0.1,0.2,0.1,.017,,-2.9,-1.6,-4.6,-0.2,2019,2020
Markelle Fultz,PG,21,ORL,63,1781,14.4,.526,.176,.211,1.9,11.0,6.3,28.8,2.2,0.5,15.3,20.7,,0.8,1.9,2.6,.071,,-2.0,0.2,-1.7,0.1,2019,2020
Wenyen Gabriel,PF,22,TOT,27,209,9.7,.547,.435,.435,9.1,14.1,11.6,5.0,2.3,2.5,22.6,14.5,,0.0,0.2,0.2,.043,,-3.9,0.1,-3.8,-0.1,2019,2020
Daniel Gafford,C,21,CHI,42,588,16.2,.681,.000,.447,8.9,10.3,9.6,5.1,1.1,8.6,14.6,13.4,,1.1,0.7,1.8,.146,,-2.9,1.5,-1.4,0.1,2019,2020
Danilo Gallinari,PF,31,OKC,55,1690,19.5,.611,.538,.352,2.2,17.1,9.9,10.5,1.2,0.2,7.5,24.4,,4.1,1.6,5.7,.163,,4.2,-1.0,3.2,2.2,2019,2020
Langston Galloway,SG,28,DET,65,1674,12.2,.585,.617,.160,2.1,7.9,5.0,8.7,1.4,0.5,6.6,15.8,,2.3,0.7,3.1,.088,,0.0,-0.8,-0.8,0.5,2019,2020
Darius Garland,PG,20,CLE,59,1824,8.5,.498,.423,.103,1.6,5.2,3.4,18.5,1.1,0.2,17.1,20.6,,-1.3,0.0,-1.3,-0.034,,-2.7,-3.0,-5.7,-1.7,2019,2020
Marc Gasol,C,35,TOR,36,990,11.9,.546,.538,.153,3.2,20.8,12.2,16.9,1.3,3.2,14.6,12.7,,0.9,1.8,2.6,.128,,-0.8,2.6,1.8,1.0,2019,2020
Rudy Gay,PF,33,SAS,59,1267,14.3,.542,.369,.227,4.8,22.3,13.5,11.5,1.0,1.9,12.6,21.1,,0.5,0.9,1.4,.052,,-0.5,-1.1,-1.5,0.2,2019,2020
Paul George,SF,29,LAC,41,1199,20.4,.583,.493,.280,1.9,18.3,10.3,21.0,2.2,1.5,13.2,29.6,,1.8,2.0,3.8,.151,,3.4,1.1,4.5,2.0,2019,2020
Taj Gibson,C,34,NYK,60,988,15.7,.600,.043,.196,11.5,16.8,14.1,7.8,1.2,2.5,13.3,14.8,,1.6,0.7,2.4,.114,,-0.9,-0.5,-1.4,0.2,2019,2020
Harry Giles,PF,21,SAC,38,579,16.3,.586,.000,.208,6.3,25.2,15.5,13.4,1.8,2.3,13.4,19.6,,0.7,0.7,1.4,.120,,-2.2,1.1,-1.1,0.1,2019,2020
Shai Gilgeous-Alexander,SG,21,OKC,63,2214,17.9,.566,.237,.339,2.3,16.4,9.6,14.8,1.5,1.7,9.8,23.7,,2.9,2.6,5.5,.120,,1.3,0.3,1.6,2.0,2019,2020
Rudy Gobert,C,27,UTA,62,2142,21.8,.700,.000,.725,11.3,31.3,21.8,6.5,1.1,4.8,15.2,16.1,,6.0,4.0,10.0,.225,,1.8,1.9,3.7,3.1,2019,2020
Brandon Goodwin,PG,24,ATL,34,430,11.7,.507,.458,.158,2.7,15.4,9.0,18.0,1.3,0.8,12.5,22.4,,-0.1,0.2,0.1,.012,,-1.5,-1.3,-2.8,-0.1,2019,2020
Aaron Gordon,PF,24,ORL,57,1882,14.9,.512,.312,.280,5.7,19.5,12.4,16.9,1.3,1.7,10.2,20.7,,1.2,2.1,3.3,.084,,-0.4,0.1,-0.3,0.8,2019,2020
Eric Gordon,SG,31,HOU,33,943,10.6,.512,.660,.234,0.9,6.1,3.5,7.9,1.1,1.1,7.0,21.9,,0.2,0.5,0.8,.038,,-1.4,-1.9,-3.3,-0.3,2019,2020
Devonte' Graham,PG,24,CHO,62,2174,15.6,.533,.608,.247,2.0,8.8,5.3,35.3,1.4,0.6,14.4,24.7,,2.3,0.9,3.2,.070,,2.4,-2.1,0.3,1.2,2019,2020
Treveon Graham,SG,26,TOT,54,917,6.5,.453,.492,.235,5.6,11.6,8.5,6.3,1.2,0.5,9.6,13.1,,-0.2,0.4,0.1,.007,,-4.5,-1.0,-5.5,-0.8,2019,2020
Jerami Grant,PF,25,DEN,63,1659,14.2,.582,.392,.309,3.6,11.6,7.6,6.7,1.3,2.9,8.0,17.9,,2.3,1.7,4.0,.115,,-0.1,-0.3,-0.4,0.7,2019,2020
Josh Gray,PG,26,NOP,2,23,-5.0,.500,.000,.000,4.6,4.6,4.6,10.4,0.0,0.0,71.4,12.4,,-0.1,0.0,-0.1,-0.224,,-11.2,-4.8,-16.0,-0.1,2019,2020
Danny Green,SG,32,LAL,60,1500,11.1,.563,.702,.105,3.3,11.4,7.4,7.1,2.3,1.7,10.9,13.9,,1.0,2.3,3.3,.107,,-0.8,1.6,0.8,1.1,2019,2020
Draymond Green,PF,29,GSW,43,1222,12.6,.489,.408,.263,2.0,22.3,11.8,31.2,2.3,2.4,21.8,15.7,,-0.2,1.3,1.2,.045,,-2.1,1.8,-0.3,0.5,2019,2020
JaMychal Green,PF,29,LAC,54,1104,10.6,.547,.673,.150,7.0,24.1,15.8,4.9,1.1,1.6,12.3,13.5,,0.7,1.8,2.5,.108,,-1.6,0.6,-1.0,0.3,2019,2020
Javonte Green,SF,26,BOS,44,414,12.3,.558,.235,.367,4.7,15.9,10.4,7.6,2.7,1.6,13.7,13.6,,0.3,0.7,1.0,.113,,-2.4,1.8,-0.7,0.1,2019,2020
Jeff Green,PF,33,TOT,39,734,13.2,.582,.518,.286,3.5,12.6,8.2,6.3,1.4,1.7,11.1,19.1,,0.6,0.8,1.4,.093,,-0.3,0.1,-0.2,0.3,2019,2020
Blake Griffin,PF,30,DET,18,512,11.9,.476,.444,.392,3.7,15.0,9.3,18.0,0.7,1.1,12.0,28.4,,-0.4,0.3,-0.1,-0.010,,-1.7,-2.6,-4.2,-0.3,2019,2020
Marko Guduric,SG,24,MEM,42,476,8.8,.515,.526,.162,3.1,12.3,7.8,12.4,1.2,1.5,17.9,17.6,,-0.2,0.4,0.1,.013,,-2.6,-0.9,-3.5,-0.2,2019,2020
Kyle Guy,SG,22,SAC,2,4,9.8,.500,.500,.000,0.0,0.0,0.0,0.0,0.0,0.0,0.0,21.8,,0.0,0.0,0.0,-0.022,,-1.4,-2.7,-4.1,0.0,2019,2020
Rui Hachimura,PF,21,WAS,40,1189,13.8,.539,.160,.238,5.6,17.1,11.1,8.3,1.3,0.4,7.4,18.8,,1.2,0.3,1.6,.063,,-1.1,-2.1,-3.2,-0.4,2019,2020
Devon Hall,SG,24,OKC,5,20,3.6,.370,.400,.800,0.0,5.4,2.8,19.1,0.0,0.0,12.9,17.1,,0.0,0.0,0.0,-0.064,,-6.2,-3.6,-9.7,0.0,2019,2020
Donta Hall,PF,22,DET,3,41,7.7,.434,.000,1.000,13.7,16.8,15.2,6.2,1.2,2.0,25.8,8.3,,0.0,0.0,0.0,.050,,-4.6,-1.1,-5.6,0.0,2019,2020
Dusty Hannahs,SG,26,MEM,2,13,21.3,.607,.333,.222,0.0,7.9,4.0,0.0,0.0,0.0,0.0,31.6,,0.0,0.0,0.0,.147,,4.9,-2.4,2.5,0.0,2019,2020
Tim Hardaway,SG,27,DAL,61,1738,15.1,.584,.571,.193,1.3,9.7,5.6,10.3,1.0,0.2,6.8,21.8,,3.1,1.0,4.1,.113,,1.7,-1.3,0.4,1.1,2019,2020
James Harden,SG,30,HOU,60,2205,28.2,.614,.555,.516,3.0,15.3,9.1,34.4,2.2,2.0,13.9,36.4,,8.5,2.6,11.2,.243,,7.9,1.2,9.1,6.2,2019,2020
Maurice Harkless,SF,26,TOT,60,1374,9.6,.575,.352,.236,4.1,13.4,8.8,5.9,2.0,2.1,15.0,10.5,,0.7,1.9,2.6,.091,,-2.7,2.0,-0.7,0.5,2019,2020
Jared Harper,PG,22,PHO,3,8,-5.3,.250,.500,.000,0.0,0.0,0.0,0.0,0.0,0.0,0.0,21.3,,0.0,0.0,0.0,-0.252,,-10.1,-5.7,-15.7,0.0,2019,2020
Montrezl Harrell,C,26,LAC,62,1730,23.1,.608,.021,.436,9.9,16.2,13.1,10.2,1.1,3.6,10.2,25.5,,4.4,2.5,7.0,.193,,2.4,0.5,3.0,2.2,2019,2020
Gary Harris,SG,25,DEN,55,1755,9.8,.518,.403,.175,1.6,8.7,5.2,9.0,2.1,0.7,9.6,15.1,,0.5,1.7,2.2,.059,,-2.8,0.6,-2.3,-0.1,2019,2020
Joe Harris,SF,28,BRK,62,1919,12.7,.590,.524,.119,3.3,11.0,7.2,10.2,0.9,0.7,11.0,18.0,,2.0,1.7,3.7,.093,,0.0,-0.4,-0.4,0.8,2019,2020
Tobias Harris,PF,27,PHI,64,2214,16.8,.558,.306,.181,2.6,19.0,10.8,14.5,1.1,1.3,8.0,23.6,,2.9,2.6,5.5,.119,,0.9,-0.3,0.6,1.5,2019,2020
Shaquille Harrison,SF,26,CHI,42,455,17.6,.561,.253,.304,4.2,14.8,9.2,15.0,3.5,3.3,9.6,18.6,,0.7,0.7,1.4,.146,,0.2,2.4,2.6,0.5,2019,2020
Josh Hart,SF,24,NOP,57,1563,11.7,.556,.676,.189,3.6,21.4,12.5,8.0,1.7,1.1,11.1,15.3,,1.0,1.7,2.7,.083,,-1.0,0.4,-0.6,0.6,2019,2020
Isaiah Hartenstein,C,21,HOU,23,266,18.7,.674,.075,.418,11.3,24.1,17.7,9.8,1.6,3.9,16.8,14.8,,0.7,0.4,1.1,.191,,-0.8,1.3,0.6,0.2,2019,2020
Udonis Haslem,PF,39,MIA,3,21,3.0,.322,.333,.667,0.0,41.0,21.4,6.2,0.0,0.0,0.0,16.3,,0.0,0.0,0.0,-0.031,,-9.7,-3.2,-12.8,-0.1,2019,2020
Jaxson Hayes,C,19,NOP,56,951,17.8,.675,.017,.736,9.0,15.7,12.3,7.5,1.1,4.6,11.6,15.1,,2.5,1.0,3.5,.176,,-0.6,0.7,0.1,0.5,2019,2020
Gordon Hayward,SF,29,BOS,44,1465,17.9,.591,.310,.182,3.2,17.5,10.4,18.9,1.1,1.2,10.8,20.8,,2.9,1.9,4.8,.157,,2.6,0.2,2.7,1.7,2019,2020
John Henson,PF,29,TOT,40,600,17.0,.578,.211,.269,8.5,21.8,15.1,13.4,2.0,6.0,15.8,16.3,,0.6,0.8,1.4,.110,,-1.1,2.0,0.9,0.4,2019,2020
Dewan Hernandez,C,23,TOR,4,11,4.2,.340,.200,.400,19.6,47.0,33.6,0.0,4.3,0.0,14.5,26.8,,0.0,0.0,0.0,.003,,-18.2,-3.1,-21.3,-0.1,2019,2020
Juan Hernangómez,PF,24,TOT,47,804,10.1,.509,.515,.294,5.6,19.9,12.6,6.8,1.1,1.0,10.5,15.6,,0.2,0.7,0.9,.051,,-2.5,-1.1,-3.6,-0.3,2019,2020
Willy Hernangómez,C,25,CHO,31,375,19.2,.576,.158,.424,12.1,27.5,19.5,13.5,1.3,1.7,15.4,22.9,,0.4,0.4,0.8,.106,,0.6,-0.6,0.0,0.2,2019,2020
Tyler Herro,SG,20,MIA,46,1273,11.4,.535,.476,.149,1.3,14.5,8.2,11.1,1.1,0.5,11.3,22.0,,-0.2,1.1,0.9,.035,,-0.9,-1.4,-2.3,-0.1,2019,2020
Kevin Hervey,PF,23,OKC,7,19,-14.9,.091,.727,.000,0.0,11.3,5.8,6.7,0.0,0.0,0.0,25.5,,-0.2,0.0,-0.2,-0.471,,-13.3,-6.4,-19.7,-0.1,2019,2020
Mario Hezonja,PF,24,POR,46,752,9.4,.521,.333,.274,3.5,18.0,10.9,7.3,1.7,1.0,13.7,13.6,,0.1,0.6,0.7,.045,,-3.1,0.3,-2.8,-0.2,2019,2020
Buddy Hield,SG,27,SAC,64,2045,16.3,.566,.582,.123,3.1,14.1,8.4,15.8,1.4,0.8,11.8,27.1,,1.7,1.5,3.1,.074,,2.7,-1.3,1.4,1.7,2019,2020
George Hill,PG,33,MIL,52,1103,17.5,.668,.452,.247,4.3,9.2,6.9,18.4,1.7,0.3,11.6,15.8,,3.2,1.9,5.1,.220,,2.0,1.3,3.2,1.5,2019,2020
Solomon Hill,SF,28,TOT,53,969,10.1,.548,.633,.171,2.9,13.4,8.2,12.8,1.7,0.9,14.9,13.3,,0.5,0.9,1.4,.068,,-1.7,0.2,-1.5,0.1,2019,2020
Jaylen Hoard,SF,20,POR,13,103,14.9,.504,.094,.406,14.3,17.8,16.1,5.4,2.3,0.0,9.6,17.2,,0.1,0.1,0.2,.095,,-0.8,-1.1,-1.9,0.0,2019,2020
Aaron Holiday,PG,23,IND,57,1334,12.0,.522,.409,.148,1.8,8.9,5.4,19.6,1.6,0.9,12.5,19.5,,0.5,1.3,1.8,.065,,-1.1,-0.5,-1.6,0.1,2019,2020
Jrue Holiday,SG,29,NOP,55,1922,17.6,.535,.346,.183,3.8,10.9,7.3,29.8,2.2,1.9,13.6,24.7,,2.1,1.8,4.0,.099,,2.0,0.3,2.3,2.1,2019,2020
Justin Holiday,SG,30,IND,64,1596,12.6,.599,.666,.139,2.1,11.9,7.1,7.2,2.3,2.2,8.1,13.5,,1.7,2.2,3.9,.118,,0.0,1.5,1.6,1.4,2019,2020
Rondae Hollis-Jefferson,SF,25,TOR,52,998,15.5,.533,.058,.437,11.0,15.8,13.4,12.9,2.1,2.1,12.2,17.2,,1.4,1.7,3.2,.153,,-0.9,1.5,0.5,0.6,2019,2020
Richaun Holmes,C,26,SAC,39,1125,20.5,.685,.000,.312,11.5,21.3,16.3,5.4,1.7,4.7,11.8,16.0,,3.2,1.5,4.6,.198,,0.6,0.9,1.5,1.0,2019,2020
Rodney Hood,SF,27,POR,21,619,12.2,.625,.413,.157,1.7,10.2,6.0,7.1,1.3,0.5,9.4,13.9,,0.9,0.2,1.1,.086,,-0.4,-0.5,-1.0,0.2,2019,2020
Al Horford,C,33,PHI,59,1819,15.3,.520,.401,.114,5.5,18.9,12.2,18.9,1.4,2.5,8.5,17.5,,2.3,2.5,4.7,.125,,0.8,1.2,2.0,1.8,2019,2020
Talen Horton-Tucker,SG,19,LAL,2,5,14.8,.000,1.000,.000,0.0,0.0,0.0,44.8,9.5,0.0,0.0,8.4,,0.0,0.0,0.0,.110,,0.7,7.2,7.9,0.0,2019,2020
Danuel House,SF,26,HOU,57,1726,11.5,.571,.649,.178,3.4,11.5,7.4,5.9,1.7,1.6,8.4,13.4,,1.9,1.6,3.5,.097,,-0.5,0.1,-0.4,0.7,2019,2020
Dwight Howard,C,34,LAL,62,1193,18.7,.696,.019,.700,14.6,26.9,20.9,4.8,1.1,5.6,17.8,14.5,,2.6,2.4,5.0,.202,,-0.8,1.3,0.5,0.8,2019,2020
William Howard,SG,26,HOU,2,13,-12.7,.000,1.000,.000,0.0,16.2,8.0,9.0,0.0,0.0,20.0,15.9,,-0.1,0.0,-0.1,-0.354,,-14.8,-5.7,-20.5,-0.1,2019,2020
Kevin Huerter,SG,21,ATL,55,1731,11.5,.537,.549,.106,2.2,12.0,7.0,17.2,1.3,1.3,12.1,17.2,,0.9,0.6,1.5,.041,,-0.5,-0.9,-1.5,0.2,2019,2020
De'Andre Hunter,SF,22,ATL,62,1982,8.6,.520,.446,.212,2.3,13.1,7.6,8.0,1.0,0.8,12.2,17.5,,-0.5,0.5,0.0,.000,,-3.0,-1.8,-4.8,-1.4,2019,2020
Chandler Hutchison,SF,23,CHI,28,527,12.4,.521,.217,.446,3.6,19.8,11.3,7.4,2.5,1.3,11.4,19.1,,0.0,0.7,0.7,.060,,-2.7,0.1,-2.6,-0.1,2019,2020
Serge Ibaka,C,30,TOR,50,1377,18.0,.593,.266,.191,8.2,23.3,15.9,8.8,0.8,2.9,12.9,24.1,,1.5,2.4,3.9,.136,,0.6,-0.1,0.5,0.9,2019,2020
Andre Iguodala,SG,36,MIA,13,242,10.4,.542,.460,.160,4.9,17.8,11.6,13.3,1.4,6.2,23.0,12.7,,0.0,0.4,0.3,.065,,-2.9,1.5,-1.4,0.0,2019,2020
Ersan İlyasova,PF,32,MIL,56,895,15.2,.591,.428,.259,7.1,22.5,15.2,7.0,1.2,1.4,9.3,16.4,,1.5,1.9,3.4,.180,,-0.1,0.7,0.6,0.6,2019,2020
Joe Ingles,SF,32,UTA,64,1916,12.5,.588,.628,.170,1.4,12.7,7.3,24.0,1.5,0.4,18.9,15.0,,2.4,1.9,4.3,.108,,0.0,0.7,0.7,1.3,2019,2020
Brandon Ingram,PF,22,NOP,56,1919,19.2,.590,.352,.328,2.7,16.6,9.6,19.8,1.3,1.6,13.1,28.2,,3.2,1.7,4.9,.122,,3.0,-0.4,2.5,2.2,2019,2020
Kyrie Irving,PG,27,BRK,20,658,26.3,.595,.341,.245,3.5,12.3,8.1,37.4,1.9,1.3,10.1,32.6,,2.1,0.8,3.0,.216,,6.7,1.0,7.7,1.6,2019,2020
Jonathan Isaac,SF,22,ORL,32,949,16.9,.542,.283,.227,6.2,19.3,12.5,7.0,2.6,7.4,11.7,18.3,,0.4,1.9,2.3,.114,,-0.9,2.9,2.0,1.0,2019,2020
Wesley Iwundu,SF,25,ORL,44,793,9.9,.514,.340,.387,3.0,12.4,7.6,8.1,1.5,1.3,7.1,13.1,,0.5,0.8,1.3,.079,,-3.3,0.4,-2.9,-0.2,2019,2020
Frank Jackson,PG,21,NOP,51,656,7.7,.500,.467,.249,3.0,8.4,5.7,8.6,1.1,0.5,13.1,20.4,,-0.4,0.3,-0.1,-0.005,,-4.0,-2.1,-6.1,-0.7,2019,2020
Jaren Jackson,C,20,MEM,54,1512,16.2,.590,.485,.237,3.7,13.7,8.8,7.5,1.1,5.0,10.8,23.9,,1.5,1.7,3.2,.100,,0.2,-0.1,0.1,0.8,2019,2020
Josh Jackson,SG,22,MEM,17,337,13.8,.524,.469,.279,3.5,14.0,8.9,11.3,2.4,2.3,11.3,23.0,,0.0,0.4,0.4,.060,,-1.3,1.1,-0.2,0.2,2019,2020
Justin Jackson,PF,24,DAL,56,904,10.2,.504,.485,.144,3.1,12.7,8.0,6.9,0.6,0.8,3.6,15.9,,0.7,0.6,1.3,.067,,-1.5,-1.4,-2.9,-0.2,2019,2020
Reggie Jackson,PG,29,TOT,22,537,14.4,.518,.436,.168,3.1,10.5,6.8,28.5,0.9,0.6,12.1,24.5,,0.5,0.3,0.8,.069,,1.3,-1.4,-0.2,0.3,2019,2020
Justin James,SG,23,SAC,34,218,11.5,.487,.333,.269,3.0,12.7,7.8,10.8,1.3,3.9,8.4,19.0,,0.0,0.2,0.2,.037,,-0.9,0.2,-0.7,0.1,2019,2020
LeBron James,PG,35,LAL,59,2060,25.9,.581,.322,.293,3.1,20.8,12.2,49.6,1.7,1.3,15.3,31.5,,6.0,3.3,9.4,.218,,6.7,1.8,8.5,5.5,2019,2020
Amile Jefferson,PF,26,ORL,18,74,8.9,.372,.000,1.000,14.0,19.5,16.6,7.2,0.7,3.7,13.0,13.6,,0.0,0.1,0.0,.023,,-5.0,-1.0,-6.0,-0.1,2019,2020
DaQuan Jeffries,SG,22,SAC,6,19,10.7,.500,.571,.000,5.8,0.0,3.0,7.8,2.6,0.0,0.0,16.1,,0.0,0.0,0.0,.081,,-2.3,-0.2,-2.5,0.0,2019,2020
Ty Jerome,PG,22,PHO,27,300,8.8,.449,.437,.136,2.2,12.9,7.4,19.3,2.2,0.9,14.2,18.0,,-0.2,0.3,0.0,.007,,-3.4,0.1,-3.3,-0.1,2019,2020
Alize Johnson,SF,23,IND,13,54,10.8,.510,.000,.400,14.4,22.3,18.4,5.0,0.0,0.0,14.5,16.8,,0.0,0.1,0.1,.071,,-3.1,-1.7,-4.8,0.0,2019,2020
B.J. Johnson,SF,24,ORL,8,46,2.5,.344,.333,.111,2.3,12.1,7.0,6.2,2.1,0.0,13.7,20.6,,-0.2,0.0,-0.1,-0.133,,-7.4,-2.5,-9.8,-0.1,2019,2020
Cameron Johnson,PF,23,PHO,49,996,12.2,.576,.705,.142,4.3,11.5,7.8,7.3,1.4,1.4,7.7,16.0,,1.1,0.7,1.8,.087,,0.5,-0.7,-0.2,0.5,2019,2020
James Johnson,PF,32,TOT,31,594,14.6,.572,.433,.239,4.1,16.3,10.2,18.2,1.8,4.8,17.2,19.1,,0.3,0.8,1.1,.089,,-1.4,1.4,0.0,0.3,2019,2020
Keldon Johnson,SF,20,SAS,8,79,17.7,.602,.179,.357,4.1,16.4,10.2,9.4,2.4,1.1,8.5,19.5,,0.1,0.1,0.2,.124,,0.5,-0.6,-0.1,0.0,2019,2020
Stanley Johnson,PF,23,TOR,20,96,3.1,.342,.419,.194,3.4,20.5,12.1,11.0,2.0,2.0,19.2,18.6,,-0.3,0.2,-0.1,-0.068,,-7.7,1.4,-6.4,-0.1,2019,2020
Tyler Johnson,SG,27,PHO,31,515,8.1,.481,.485,.187,2.1,9.3,5.6,13.5,1.1,1.4,11.5,17.3,,-0.2,0.3,0.1,.012,,-3.0,-0.7,-3.6,-0.2,2019,2020
Nikola Jokić,C,24,DEN,64,2067,25.2,.603,.234,.279,8.2,26.8,17.5,34.2,1.8,1.9,15.5,26.7,,6.0,3.2,9.1,.212,,5.5,2.3,7.8,5.1,2019,2020
Damian Jones,C,24,ATL,55,887,15.6,.712,.051,.472,8.9,16.2,12.5,5.6,1.4,3.8,11.5,11.4,,2.2,0.6,2.8,.152,,-1.5,0.1,-1.5,0.1,2019,2020
Derrick Jones,SF,22,MIA,50,1219,14.4,.599,.390,.365,5.4,13.7,9.7,6.7,2.1,2.8,7.0,14.0,,2.1,1.6,3.7,.146,,-0.6,1.1,0.5,0.8,2019,2020
Tyus Jones,PG,23,MEM,64,1212,15.9,.535,.285,.126,0.8,8.0,4.4,32.1,2.2,0.4,10.8,17.1,,2.0,1.0,3.0,.118,,0.6,0.1,0.7,0.8,2019,2020
DeAndre Jordan,C,31,BRK,55,1207,20.1,.687,.000,.429,12.0,34.2,23.4,12.9,0.7,3.6,18.2,14.1,,2.9,2.2,5.2,.205,,1.1,1.8,3.0,1.5,2019,2020
Cory Joseph,PG,28,SAC,64,1538,10.3,.513,.363,.157,2.6,9.5,6.0,19.4,1.5,1.3,14.0,13.0,,1.2,1.0,2.2,.067,,-2.1,0.4,-1.7,0.1,2019,2020
Mfiondu Kabengele,C,22,LAC,12,64,18.2,.614,.625,.156,1.7,15.7,8.9,4.9,1.5,2.7,5.5,23.5,,0.1,0.1,0.2,.175,,2.2,-0.2,1.9,0.1,2019,2020
Frank Kaminsky,C,26,PHO,32,718,14.6,.554,.401,.315,4.6,20.2,12.2,14.8,0.9,1.2,9.4,20.8,,0.8,0.6,1.4,.093,,0.2,-0.3,-0.1,0.3,2019,2020
Enes Kanter,C,27,BOS,50,876,22.1,.597,.023,.286,17.0,30.2,23.7,8.4,1.1,3.9,12.8,19.4,,2.1,1.7,3.8,.209,,1.7,-0.2,1.6,0.8,2019,2020
Luke Kennard,SG,23,DET,28,922,14.4,.589,.535,.219,1.1,11.1,6.0,19.2,0.6,0.5,10.3,19.8,,1.6,0.3,1.9,.101,,1.1,-1.4,-0.3,0.4,2019,2020
Stanton Kidd,SF,27,UTA,4,15,-13.7,.000,.333,.000,0.0,21.0,11.0,8.0,0.0,0.0,40.0,14.6,,-0.1,0.0,-0.1,-0.327,,-15.7,-1.3,-17.0,-0.1,2019,2020
Michael Kidd-Gilchrist,PF-SF,26,TOT,21,231,4.2,.401,.333,.183,5.5,20.3,12.8,8.1,0.4,1.9,16.7,14.8,,-0.3,0.2,-0.2,-0.037,,-6.6,-1.0,-7.7,-0.3,2019,2020
Louis King,SF,20,DET,10,62,6.3,.448,.524,.143,1.8,16.7,9.2,11.8,1.6,0.0,8.2,17.1,,-0.1,0.0,0.0,-0.005,,-5.1,-1.1,-6.2,-0.1,2019,2020
Maxi Kleber,C,28,DAL,64,1626,13.9,.602,.613,.180,6.5,15.5,11.1,6.1,0.6,4.1,8.8,13.8,,2.9,1.6,4.5,.133,,0.6,0.0,0.7,1.1,2019,2020
Brandon Knight,PG,28,TOT,24,429,9.1,.512,.781,.181,0.8,8.7,4.7,21.5,1.1,0.6,16.8,20.9,,-0.1,0.1,0.0,-0.004,,-1.4,-2.3,-3.7,-0.2,2019,2020
Kevin Knox,SF,20,NYK,63,1139,8.2,.467,.496,.247,2.5,14.6,8.4,7.4,0.9,2.3,9.4,17.9,,-0.6,0.7,0.1,.003,,-3.2,-1.2,-4.4,-0.7,2019,2020
John Konchar,SG,23,MEM,14,158,19.4,.702,.265,.059,12.2,18.2,15.2,16.0,2.1,1.6,14.7,10.8,,0.5,0.2,0.6,.195,,2.4,2.4,4.8,0.3,2019,2020
Furkan Korkmaz,SG,22,PHI,63,1377,11.4,.565,.617,.132,1.3,10.3,5.8,7.2,1.3,0.9,8.7,18.4,,0.8,1.3,2.1,.075,,-0.8,-0.9,-1.7,0.1,2019,2020
Luke Kornet,C,24,CHI,36,559,12.7,.539,.578,.150,4.1,12.9,8.3,8.5,0.9,4.4,6.6,16.3,,0.5,0.5,1.0,.090,,-1.0,-0.2,-1.2,0.1,2019,2020
Kyle Korver,SF,38,MIL,50,833,11.3,.613,.799,.131,1.8,10.1,6.2,9.5,1.2,1.3,13.3,15.7,,0.8,1.4,2.2,.125,,-0.4,0.7,0.3,0.5,2019,2020
Rodions Kurucs,PF,21,BRK,39,501,8.4,.554,.485,.209,3.8,15.8,10.0,9.4,1.6,0.5,19.3,15.1,,-0.1,0.6,0.5,.047,,-3.8,0.7,-3.1,-0.1,2019,2020
Kyle Kuzma,PF,24,LAL,53,1305,11.5,.519,.404,.221,4.1,15.4,9.9,7.4,0.7,1.4,11.4,23.2,,-0.2,1.6,1.4,.052,,-2.1,-1.5,-3.5,-0.5,2019,2020
Skal Labissière,C,23,POR,33,567,15.4,.588,.088,.224,12.0,18.7,15.4,10.2,0.6,4.6,15.7,14.3,,1.0,0.4,1.4,.121,,-1.5,0.2,-1.3,0.1,2019,2020
Jeremy Lamb,SG,27,IND,46,1291,14.1,.547,.330,.230,2.1,14.9,8.6,10.6,2.1,1.5,8.7,19.7,,0.9,1.8,2.7,.099,,-1.0,0.5,-0.5,0.5,2019,2020
Romeo Langford,SG,20,BOS,26,288,6.7,.492,.367,.383,4.9,6.6,5.8,2.7,1.3,1.9,11.4,11.7,,0.0,0.3,0.3,.052,,-4.0,-0.1,-4.1,-0.2,2019,2020
Zach LaVine,SG,24,CHI,60,2085,19.5,.568,.404,.279,2.1,13.8,7.6,21.7,2.0,1.3,13.3,31.7,,1.8,2.1,4.0,.091,,3.3,-0.8,2.5,2.4,2019,2020
Vic Law,SF,24,ORL,5,9,-16.6,.000,.333,.667,0.0,12.3,6.0,0.0,0.0,0.0,0.0,18.7,,-0.1,0.0,-0.1,-0.457,,-17.0,-8.3,-25.3,-0.1,2019,2020
Jake Layman,PF,25,MIN,22,488,10.2,.537,.402,.172,2.9,9.0,5.8,4.6,1.6,1.7,10.5,17.6,,0.0,0.3,0.3,.026,,-2.7,-0.9,-3.6,-0.2,2019,2020
T.J. Leaf,PF,22,IND,25,193,13.8,.485,.203,.174,12.1,24.4,18.3,4.3,2.0,1.4,8.6,18.5,,0.0,0.3,0.4,.089,,-1.4,-0.1,-1.6,0.0,2019,2020
Jalen Lecque,PG,19,PHO,4,26,5.0,.460,.400,.200,0.0,0.0,0.0,11.1,0.0,0.0,8.4,19.4,,0.0,0.0,0.0,-0.041,,-5.6,-3.6,-9.2,0.0,2019,2020
Courtney Lee,SG,34,DAL,22,303,11.2,.635,.613,.067,2.5,8.1,5.3,4.9,2.6,1.4,12.5,12.5,,0.3,0.3,0.6,.098,,-1.8,1.2,-0.6,0.1,2019,2020
Damion Lee,SG,27,GSW,48,1392,12.8,.548,.463,.246,2.4,16.3,9.1,14.4,1.7,0.4,10.6,19.2,,0.9,0.8,1.7,.060,,-1.5,-0.9,-2.3,-0.1,2019,2020
Alex Len,C,26,TOT,49,895,18.0,.596,.185,.301,11.4,24.5,17.9,8.1,1.2,4.5,12.8,18.3,,1.4,0.9,2.3,.122,,-0.2,-0.2,-0.4,0.4,2019,2020
Kawhi Leonard,SF,28,LAC,50,1618,26.5,.583,.286,.346,3.4,19.7,11.8,26.9,2.6,1.7,10.8,33.3,,4.4,3.0,7.3,.218,,6.4,2.5,8.8,4.5,2019,2020
Meyers Leonard,C,27,MIA,49,987,11.1,.640,.534,.117,3.2,24.1,14.1,7.7,0.6,1.5,13.0,12.0,,1.0,1.1,2.2,.105,,-1.0,0.4,-0.6,0.3,2019,2020
Caris LeVert,SG,25,BRK,38,1094,14.9,.509,.307,.267,3.7,10.4,7.2,23.6,1.8,0.5,12.8,28.9,,-0.1,1.2,1.1,.047,,-0.3,-0.6,-0.9,0.3,2019,2020
Damian Lillard,PG,29,POR,57,2100,26.2,.618,.492,.379,1.5,10.4,6.0,34.3,1.3,0.8,11.1,30.3,,8.7,0.6,9.3,.213,,7.9,-0.8,7.1,4.8,2019,2020
Nassir Little,PF,19,POR,47,571,9.7,.508,.389,.282,5.7,13.6,9.7,5.1,1.1,2.1,8.2,13.6,,0.3,0.3,0.6,.050,,-2.9,-0.6,-3.5,-0.2,2019,2020
Kevon Looney,C,23,GSW,20,262,9.4,.403,.177,.152,11.2,16.3,13.6,11.1,2.2,2.1,12.5,15.7,,-0.2,0.2,0.0,.007,,-4.9,-0.6,-5.5,-0.2,2019,2020
Brook Lopez,C,31,MIL,61,1622,14.0,.537,.497,.212,2.7,13.2,8.3,7.8,1.2,8.0,9.2,17.5,,0.8,3.8,4.6,.137,,-0.9,2.7,1.8,1.6,2019,2020
Robin Lopez,C,31,MIL,60,862,11.1,.565,.352,.158,6.3,10.2,8.4,6.4,0.5,4.1,15.6,16.6,,0.2,1.5,1.7,.095,,-2.3,0.4,-1.9,0.0,2019,2020
Kevin Love,PF,31,CLE,55,1743,18.1,.602,.530,.301,3.4,31.2,17.2,15.1,0.9,0.9,14.5,23.1,,2.6,1.2,3.8,.103,,2.7,-0.6,2.1,1.8,2019,2020
Kyle Lowry,PG,33,TOR,52,1901,17.9,.589,.583,.399,1.7,12.0,7.0,31.0,1.8,1.1,15.0,23.1,,4.1,2.8,6.9,.173,,2.5,0.7,3.3,2.5,2019,2020
Timothé Luwawu-Cabarrot,SG,24,BRK,38,645,8.8,.568,.570,.341,3.8,10.3,7.1,5.0,1.0,0.8,13.1,15.4,,0.4,0.6,0.9,.070,,-3.1,-0.2,-3.2,-0.2,2019,2020
Trey Lyles,PF,24,SAS,62,1239,12.5,.551,.482,.135,6.1,24.4,15.2,7.3,1.0,1.9,9.7,13.7,,1.1,0.9,2.0,.078,,-0.5,-0.8,-1.3,0.2,2019,2020
Daryl Macon,SG,24,MIA,4,14,-3.1,.500,.667,.000,0.0,0.0,0.0,9.6,0.0,0.0,40.0,15.7,,0.0,0.0,0.0,-0.160,,-7.0,-4.4,-11.4,0.0,2019,2020
J.P. Macura,SG,24,CLE,1,1,0.0,,,,0.0,0.0,0.0,0.0,0.0,0.0,,0.0,,0.0,0.0,0.0,-0.023,,-5.1,-1.4,-6.5,0.0,2019,2020
Josh Magette,PG,30,ORL,8,38,5.1,.378,.267,.133,2.7,14.6,8.5,19.3,3.9,2.4,23.9,23.8,,-0.2,0.1,-0.1,-0.126,,-8.1,1.7,-6.4,0.0,2019,2020
Ian Mahinmi,C,33,WAS,38,808,14.1,.545,.124,.538,10.2,19.7,14.8,8.2,1.8,4.7,14.8,15.7,,0.7,0.7,1.4,.081,,-2.6,-0.2,-2.8,-0.2,2019,2020
Thon Maker,C,22,DET,59,759,13.4,.579,.326,.587,7.7,16.9,12.3,7.9,1.6,4.2,16.3,15.9,,0.7,0.8,1.5,.093,,-2.2,0.7,-1.5,0.1,2019,2020
Terance Mann,SG,23,LAC,35,271,7.1,.472,.222,.222,1.6,10.8,6.3,18.0,1.4,1.6,19.1,11.2,,0.0,0.3,0.3,.057,,-4.8,1.2,-3.6,-0.1,2019,2020
Boban Marjanović,C,31,DAL,35,297,23.5,.600,.102,.265,15.8,31.4,23.7,6.9,0.8,2.0,12.3,27.0,,0.7,0.4,1.1,.176,,1.1,-1.8,-0.8,0.1,2019,2020
Lauri Markkanen,PF,22,CHI,49,1464,14.3,.559,.533,.265,4.2,19.9,11.6,7.7,1.3,1.5,10.9,21.1,,1.1,1.5,2.6,.084,,0.2,-0.7,-0.5,0.5,2019,2020
Caleb Martin,SF,24,CHO,17,282,10.4,.592,.431,.181,3.4,8.9,6.0,10.9,1.4,2.3,15.3,14.3,,0.2,0.2,0.3,.058,,-2.3,0.4,-1.9,0.0,2019,2020
Cody Martin,SF,24,CHO,47,870,10.5,.503,.376,.322,4.4,14.9,9.4,15.9,2.2,0.8,15.4,13.8,,0.2,0.7,0.9,.051,,-3.0,0.9,-2.1,0.0,2019,2020
Jeremiah Martin,PG,23,BRK,3,16,5.9,.200,.200,.000,0.0,12.5,6.4,16.4,3.0,5.2,0.0,13.1,,0.0,0.0,0.0,-0.041,,-6.9,3.6,-3.3,0.0,2019,2020
Kelan Martin,SF,24,MIN,31,495,9.2,.506,.530,.171,2.5,18.6,10.2,6.8,0.7,1.5,9.3,17.8,,-0.1,0.3,0.2,.023,,-3.3,-0.9,-4.2,-0.3,2019,2020
Frank Mason,PG,25,MIL,6,53,4.2,.337,.526,.211,6.0,8.8,7.5,25.6,1.7,0.0,22.4,20.8,,-0.2,0.1,-0.1,-0.060,,-7.5,-1.0,-8.5,-0.1,2019,2020
Garrison Mathews,SG,23,WAS,17,219,13.2,.693,.830,.604,2.9,9.4,6.0,6.0,1.7,0.4,10.7,14.3,,0.5,0.0,0.6,.128,,-0.1,-0.7,-0.9,0.1,2019,2020
Wesley Matthews,SG,33,MIL,62,1529,8.4,.545,.691,.157,1.4,8.5,5.2,7.4,1.1,0.5,8.7,12.7,,0.8,2.3,3.1,.099,,-2.4,0.7,-1.7,0.1,2019,2020
Patrick McCaw,SF,24,TOR,37,908,7.3,.500,.438,.111,2.3,7.6,5.0,11.4,2.0,0.4,14.6,9.4,,0.2,1.2,1.4,.073,,-3.5,1.6,-1.9,0.0,2019,2020
CJ McCollum,SG,28,POR,61,2193,17.4,.543,.379,.136,2.0,9.6,5.9,19.4,1.0,1.5,8.4,26.7,,3.0,0.6,3.5,.078,,2.5,-1.6,0.9,1.6,2019,2020
T.J. McConnell,PG,27,IND,62,1173,16.3,.543,.042,.100,3.0,12.1,7.6,37.3,1.8,0.8,18.7,17.3,,1.6,1.4,2.9,.120,,0.2,0.0,0.2,0.7,2019,2020
Jalen McDaniels,PF,22,CHO,15,264,11.6,.571,.343,.224,6.0,18.9,12.2,6.4,1.5,1.0,9.8,13.6,,0.3,0.2,0.5,.089,,-3.1,-0.1,-3.2,-0.1,2019,2020
Doug McDermott,PF,28,IND,62,1242,14.3,.626,.540,.106,2.1,11.7,6.9,8.3,0.4,0.3,7.2,19.6,,2.1,0.9,3.0,.116,,1.6,-1.6,0.0,0.6,2019,2020
JaVale McGee,C,32,LAL,60,1006,20.1,.659,.022,.270,12.2,25.5,19.0,4.7,1.4,7.9,13.1,15.0,,2.2,2.3,4.5,.213,,-0.1,2.2,2.1,1.0,2019,2020
Rodney McGruder,SG,28,LAC,49,728,6.5,.474,.507,.171,3.6,13.5,8.7,5.3,1.4,1.0,11.4,10.5,,-0.1,0.9,0.8,.053,,-3.8,0.8,-3.0,-0.2,2019,2020
Alfonzo McKinnie,SF,27,CLE,39,571,8.8,.498,.384,.177,6.5,14.9,10.7,3.5,1.9,1.0,12.4,15.1,,-0.1,0.3,0.2,.015,,-4.3,-0.8,-5.2,-0.5,2019,2020
Jordan McLaughlin,PG,23,MIN,29,571,16.5,.589,.431,.213,1.1,7.9,4.3,31.3,2.8,0.6,14.0,15.9,,1.1,0.4,1.5,.130,,0.3,0.1,0.4,0.4,2019,2020
Ben McLemore,SG,26,HOU,62,1427,11.6,.619,.829,.132,1.5,8.8,5.1,5.2,1.2,0.7,8.5,15.7,,2.0,0.9,2.9,.098,,0.0,-0.7,-0.7,0.5,2019,2020
Jordan McRae,SG,28,TOT,36,757,14.4,.520,.348,.303,2.5,14.9,8.5,17.7,1.3,1.8,9.7,24.5,,0.4,0.3,0.7,.046,,0.3,-1.5,-1.2,0.1,2019,2020
Nicolò Melli,C,29,NOP,52,889,12.4,.583,.647,.216,4.4,14.3,9.3,10.2,1.6,1.8,12.1,15.9,,1.0,0.8,1.8,.095,,-0.8,0.2,-0.6,0.3,2019,2020
De'Anthony Melton,PG,21,MEM,51,985,14.6,.530,.324,.309,3.8,15.8,9.9,20.6,3.0,1.5,16.7,19.7,,0.4,1.4,1.8,.086,,-1.7,1.7,0.0,0.5,2019,2020
Chimezie Metu,PF,22,SAS,16,73,25.5,.597,.029,.229,14.7,23.6,19.2,13.9,0.7,4.8,11.5,25.9,,0.2,0.1,0.2,.159,,3.8,-0.8,3.0,0.1,2019,2020
Khris Middleton,SF,28,MIL,55,1653,21.5,.619,.374,.231,2.5,17.0,10.2,21.0,1.4,0.4,10.8,26.2,,4.3,3.1,7.4,.214,,3.6,0.7,4.3,2.6,2019,2020
Eric Mika,PF,25,SAC,1,19,14.0,.773,.000,.667,11.6,30.5,20.8,0.0,0.0,0.0,0.0,8.9,,0.1,0.0,0.1,.222,,-2.3,-0.9,-3.1,0.0,2019,2020
C.J. Miles,SG,32,WAS,10,161,11.1,.472,.593,.339,2.6,5.7,4.1,9.9,2.9,2.2,5.6,18.6,,0.0,0.1,0.1,.032,,-1.8,-0.1,-1.9,0.0,2019,2020
Malcolm Miller,SF,26,TOR,25,125,4.7,.432,.792,.250,0.9,10.8,5.9,8.3,1.5,1.5,10.1,10.1,,-0.1,0.2,0.1,.037,,-4.2,1.3,-2.9,0.0,2019,2020
Patty Mills,PG,31,SAS,62,1411,14.6,.584,.678,.189,1.4,6.0,3.7,11.1,1.8,0.4,7.5,20.6,,2.0,0.5,2.4,.083,,1.1,-1.2,-0.2,0.6,2019,2020
Paul Millsap,PF,34,DEN,43,1041,17.9,.600,.277,.332,9.2,17.8,13.5,9.4,1.8,2.4,12.0,20.4,,2.0,1.3,3.4,.155,,0.8,0.0,0.8,0.7,2019,2020
Shake Milton,SG,23,PHI,31,584,15.5,.639,.495,.238,2.1,10.8,6.4,17.2,1.5,0.9,13.7,19.5,,1.1,0.6,1.7,.139,,0.4,-0.3,0.1,0.3,2019,2020
Donovan Mitchell,SG,23,UTA,63,2165,19.1,.560,.347,.235,2.3,11.2,7.0,21.2,1.5,0.5,10.9,31.0,,3.0,2.1,5.2,.115,,2.5,-0.6,1.9,2.1,2019,2020
Naz Mitrou-Long,SG,26,IND,3,43,10.1,.438,.688,.000,0.0,15.3,7.7,22.2,1.1,2.0,11.1,18.4,,0.0,0.1,0.0,.016,,-1.9,2.4,0.5,0.0,2019,2020
Adam Mokoka,SG,21,CHI,11,112,8.2,.538,.536,.143,6.6,3.1,4.9,5.0,1.7,0.0,6.3,12.1,,0.1,0.1,0.2,.072,,-3.1,-1.0,-4.1,-0.1,2019,2020
Malik Monk,SG,21,CHO,55,1169,12.6,.530,.418,.205,2.4,12.6,7.3,16.6,1.1,1.3,12.6,22.9,,0.1,0.6,0.6,.027,,-1.1,-1.4,-2.4,-0.1,2019,2020
Matt Mooney,SG,22,CLE,3,6,26.6,.500,.500,.000,0.0,18.7,9.2,25.0,8.1,14.3,0.0,14.2,,0.0,0.0,0.0,.250,,3.2,16.0,19.2,0.0,2019,2020
E'Twaun Moore,SG,30,NOP,51,958,11.1,.509,.390,.105,3.2,10.4,6.8,10.9,1.4,0.9,8.1,19.9,,0.2,0.6,0.8,.042,,-1.8,-1.1,-2.9,-0.2,2019,2020
Ja Morant,PG,20,MEM,58,1736,18.1,.569,.171,.328,2.6,9.5,6.2,34.8,1.4,0.7,17.2,25.9,,2.3,1.2,3.5,.096,,1.7,-1.3,0.4,1.1,2019,2020
Juwan Morgan,PF,22,UTA,16,74,8.8,.559,.294,.000,7.8,19.8,14.1,3.8,0.0,1.1,15.0,11.9,,0.0,0.1,0.1,.066,,-2.9,-0.4,-3.3,0.0,2019,2020
Marcus Morris,SF-PF,30,TOT,54,1705,14.8,.565,.430,.279,3.2,14.2,8.6,6.9,1.2,1.5,9.5,23.0,,1.9,1.2,3.1,.086,,0.8,-0.9,-0.1,0.8,2019,2020
Markieff Morris,PF,30,TOT,51,1091,12.5,.570,.494,.196,3.2,17.0,10.0,10.4,1.2,1.1,13.9,21.3,,0.4,0.8,1.2,.054,,-1.1,-1.0,-2.1,0.0,2019,2020
Monte Morris,PG,24,DEN,64,1385,15.1,.540,.295,.130,1.6,7.4,4.5,23.5,1.9,1.1,8.2,17.2,,2.3,1.2,3.5,.120,,0.3,-0.1,0.3,0.8,2019,2020
Johnathan Motley,PF,24,LAC,13,41,28.4,.774,.067,.467,7.7,17.2,12.6,32.9,3.4,0.0,21.7,23.4,,0.2,0.1,0.3,.299,,4.7,3.2,7.8,0.1,2019,2020
Emmanuel Mudiay,PG,23,UTA,48,752,13.7,.550,.263,.239,2.6,13.7,8.4,21.8,1.2,1.1,16.9,22.4,,0.3,0.8,1.1,.071,,-1.2,0.0,-1.2,0.2,2019,2020
Mychal Mulder,SG,25,GSW,6,177,10.5,.593,.776,.172,1.8,10.2,5.8,6.9,0.5,0.5,6.0,16.0,,0.2,0.0,0.2,.062,,-1.6,-1.9,-3.5,-0.1,2019,2020
Dejounte Murray,PG,23,SAS,58,1447,17.2,.535,.168,.175,5.0,20.0,12.5,23.8,3.3,1.0,15.7,20.6,,0.9,1.7,2.6,.086,,-0.5,1.5,1.0,1.1,2019,2020
Jamal Murray,PG,22,DEN,54,1766,17.6,.559,.356,.212,2.6,10.7,6.7,22.7,1.8,0.8,11.8,25.1,,2.5,1.6,4.2,.113,,1.9,-0.7,1.2,1.4,2019,2020
Džanan Musa,SF,20,BRK,35,404,8.4,.467,.468,.317,5.0,12.9,9.0,11.0,1.5,0.2,15.5,19.4,,-0.4,0.4,0.0,.005,,-4.0,-0.7,-4.7,-0.3,2019,2020
Mike Muscala,C,28,OKC,41,492,12.2,.560,.755,.138,3.0,17.7,10.6,9.8,0.8,1.9,7.7,16.4,,0.5,0.5,1.0,.102,,-0.1,-0.1,-0.2,0.2,2019,2020
Sviatoslav Mykhailiuk,SF,22,DET,55,1241,11.0,.580,.704,.166,1.5,7.9,4.7,12.0,1.5,0.3,12.5,16.9,,1.0,0.6,1.5,.060,,-0.7,-1.2,-1.9,0.0,2019,2020
Abdel Nader,SF,26,OKC,48,756,11.2,.580,.477,.282,2.1,10.8,6.6,6.6,1.3,2.3,12.7,16.5,,0.4,0.7,1.1,.072,,-1.2,0.3,-0.9,0.2,2019,2020
Larry Nance,C,27,CLE,55,1440,17.1,.601,.369,.165,8.0,23.3,15.6,12.0,1.8,1.2,11.5,15.3,,2.6,1.1,3.7,.123,,1.3,0.2,1.4,1.2,2019,2020
Shabazz Napier,PG,28,TOT,50,1196,14.3,.550,.536,.337,2.1,11.0,6.4,29.3,2.4,0.6,18.9,19.6,,1.0,0.8,1.8,.072,,-0.3,-0.3,-0.6,0.4,2019,2020
Raul Neto,PG,27,PHI,49,565,11.6,.562,.406,.177,2.1,8.0,5.1,19.3,1.9,0.8,18.2,17.6,,0.2,0.6,0.8,.071,,-1.9,0.1,-1.8,0.0,2019,2020
Malik Newman,SG,22,CLE,1,4,-11.3,.347,.500,1.000,0.0,0.0,0.0,0.0,0.0,0.0,25.8,41.4,,0.0,0.0,0.0,-0.502,,-14.6,-11.5,-26.1,0.0,2019,2020
Georges Niang,PF,26,UTA,58,772,12.4,.612,.698,.083,1.8,13.2,7.7,6.7,0.8,0.5,8.6,17.1,,1.0,0.7,1.7,.105,,0.9,-0.4,0.5,0.5,2019,2020
Nerlens Noel,C,25,OKC,55,1014,21.7,.714,.012,.386,9.3,20.0,14.8,7.9,2.7,6.9,15.4,15.3,,2.7,2.1,4.8,.225,,0.6,3.4,4.0,1.5,2019,2020
Zach Norvell,SG,22,TOT,5,41,2.6,.402,.667,.083,0.0,16.3,7.9,10.2,2.3,0.0,19.4,16.0,,-0.1,0.0,-0.1,-0.083,,-7.1,-1.2,-8.3,-0.1,2019,2020
Jaylen Nowell,SG,20,MIN,14,146,10.8,.479,.481,.327,2.1,6.0,4.0,17.6,1.0,0.6,4.8,17.6,,0.1,0.0,0.2,.055,,-2.6,-0.8,-3.5,-0.1,2019,2020
Frank Ntilikina,PG,21,NYK,55,1134,9.3,.487,.407,.148,2.0,9.0,5.4,19.8,2.2,1.3,17.0,15.2,,-0.1,0.8,0.7,.028,,-3.9,0.4,-3.4,-0.4,2019,2020
Kendrick Nunn,SG,24,MIA,61,1815,13.3,.540,.422,.110,1.2,8.8,5.1,18.7,1.4,0.6,10.2,23.7,,0.9,1.5,2.3,.062,,-0.9,-1.3,-2.2,-0.1,2019,2020
David Nwaba,SF,27,BRK,20,268,14.0,.627,.394,.380,3.2,13.8,8.6,4.4,1.9,3.7,8.8,14.2,,0.4,0.4,0.8,.142,,-1.0,2.1,1.1,0.2,2019,2020
Royce O'Neale,PF,26,UTA,64,1862,9.3,.584,.657,.153,1.4,17.8,10.0,11.5,1.2,1.3,12.7,9.3,,1.8,2.2,4.0,.104,,-1.3,2.1,0.8,1.3,2019,2020
Kyle O'Quinn,C,29,PHI,25,255,18.2,.541,.319,.264,13.8,27.7,20.8,19.4,1.0,7.3,18.3,16.7,,0.3,0.5,0.8,.155,,-0.7,2.2,1.5,0.2,2019,2020
Semi Ojeleye,PF,25,BOS,60,870,7.8,.565,.610,.182,2.9,11.6,7.3,4.6,1.0,0.5,6.2,8.7,,0.8,0.9,1.7,.096,,-2.0,0.7,-1.3,0.1,2019,2020
Jahlil Okafor,C,24,NOP,28,424,17.8,.631,.014,.403,11.4,18.2,14.8,12.6,0.8,3.7,17.5,19.8,,0.7,0.4,1.1,.129,,-0.6,0.5,-0.1,0.2,2019,2020
Elie Okobo,PG,22,PHO,53,705,10.5,.511,.392,.370,2.5,11.6,6.9,21.5,1.6,0.5,15.3,15.0,,0.4,0.5,0.9,.060,,-2.0,-0.1,-2.1,0.0,2019,2020
Josh Okogie,SG,21,MIN,61,1512,11.7,.553,.392,.476,5.8,12.9,9.2,8.8,2.1,1.4,15.3,15.3,,0.9,1.2,2.1,.068,,-2.4,0.1,-2.3,-0.1,2019,2020
KZ Okpala,SF,20,MIA,5,26,13.7,.595,.200,.400,4.5,16.6,10.8,5.5,3.8,3.8,14.5,11.7,,0.0,0.1,0.1,.120,,-1.3,3.9,2.7,0.0,2019,2020
Victor Oladipo,SG,27,IND,12,309,9.7,.471,.428,.255,2.5,9.6,6.1,16.3,1.6,0.6,14.3,26.8,,-0.5,0.3,-0.2,-0.031,,-3.5,-1.7,-5.2,-0.3,2019,2020
Kelly Olynyk,C,28,MIA,58,1084,14.9,.645,.585,.262,4.0,22.0,13.4,13.2,1.7,1.7,15.1,16.7,,1.8,1.5,3.3,.144,,0.2,1.3,1.5,0.9,2019,2020
Miye Oni,SG,22,UTA,5,11,-9.9,.000,.500,.000,0.0,19.1,10.0,0.0,0.0,0.0,33.3,12.0,,-0.1,0.0,-0.1,-0.285,,-13.0,-4.9,-17.9,0.0,2019,2020
Cedi Osman,SF,24,CLE,64,1880,10.8,.559,.535,.157,2.1,11.3,6.6,11.7,1.4,0.7,12.6,16.5,,1.2,0.5,1.7,.043,,-1.5,-1.0,-2.5,-0.2,2019,2020
Kelly Oubre,SF,24,PHO,56,1933,14.9,.560,.372,.298,3.8,17.3,10.4,6.7,1.7,1.8,8.2,22.4,,1.7,1.9,3.7,.092,,-0.2,-0.3,-0.6,0.7,2019,2020
Tariq Owens,PF,24,PHO,3,15,8.4,.340,.400,.400,14.6,7.6,11.1,0.0,3.2,0.0,0.0,16.7,,0.0,0.0,0.0,.018,,-3.1,-2.7,-5.8,0.0,2019,2020
Jeremy Pargo,PG,33,GSW,3,44,12.7,.557,.318,.045,2.4,5.1,3.7,33.1,1.1,0.0,15.1,25.6,,0.0,0.0,0.0,.013,,-2.8,-3.0,-5.9,0.0,2019,2020
Jabari Parker,PF,24,TOT,33,852,17.0,.561,.291,.185,6.8,18.1,12.3,11.7,2.3,1.5,12.2,24.0,,0.5,0.7,1.2,.066,,0.3,-0.4,-0.1,0.4,2019,2020
Chandler Parsons,SF,31,ATL,5,54,5.6,.389,.778,.000,2.0,12.1,7.0,7.5,3.5,1.6,14.3,16.2,,-0.1,0.0,-0.1,-0.066,,-4.6,-1.3,-5.9,-0.1,2019,2020
Eric Paschall,PF,23,GSW,59,1622,14.5,.573,.199,.331,5.3,13.2,9.1,12.2,0.9,0.7,11.6,21.4,,1.6,0.5,2.2,.064,,-0.9,-1.9,-2.8,-0.3,2019,2020
Anžejs Pasečņiks,C,24,WAS,23,402,11.8,.559,.019,.491,10.2,17.0,13.5,5.8,0.9,2.6,14.6,15.6,,0.3,0.1,0.5,.059,,-3.5,-1.7,-5.2,-0.3,2019,2020
Patrick Patterson,PF,30,LAC,50,598,11.6,.570,.751,.184,5.3,15.0,10.3,7.0,0.5,0.4,7.8,15.1,,0.8,0.6,1.5,.116,,0.8,-0.6,0.3,0.3,2019,2020
Justin Patton,C,22,OKC,5,24,4.7,.450,.400,.000,4.8,17.9,11.6,12.5,0.0,0.0,16.7,22.1,,0.0,0.0,0.0,-0.066,,-6.8,-3.3,-10.1,-0.1,2019,2020
Chris Paul,PG,34,OKC,63,2003,21.7,.609,.347,.311,1.2,15.5,8.6,33.4,2.4,0.4,13.0,23.2,,5.6,2.5,8.1,.194,,3.2,1.2,4.4,3.2,2019,2020
Elfrid Payton,PG,25,NYK,43,1193,16.2,.472,.162,.183,4.5,14.1,9.1,38.6,2.7,1.3,16.4,19.6,,0.6,1.1,1.7,.069,,-0.2,0.5,0.3,0.7,2019,2020
Gary Payton,PG,27,WAS,28,421,11.6,.473,.397,.069,6.5,13.8,10.0,15.1,3.5,1.4,13.7,13.7,,0.1,0.4,0.5,.052,,-2.9,1.5,-1.4,0.1,2019,2020
Norvel Pelle,C,26,PHI,20,178,11.3,.521,.000,.343,9.9,27.3,18.6,5.3,0.3,11.9,24.4,12.9,,-0.1,0.4,0.3,.082,,-7.2,3.0,-4.2,-0.1,2019,2020
Theo Pinson,SG,24,BRK,33,365,5.2,.370,.516,.103,2.9,12.1,7.6,21.9,2.2,0.9,16.9,22.4,,-1.0,0.5,-0.6,-0.074,,-6.8,-0.2,-7.0,-0.5,2019,2020
Mason Plumlee,C,29,DEN,52,887,19.5,.619,.016,.561,11.2,23.9,17.5,20.2,1.6,3.3,18.6,18.4,,1.8,1.3,3.1,.168,,0.5,2.0,2.5,1.0,2019,2020
Vincent Poirier,C,26,BOS,21,114,12.8,.540,.061,.212,9.5,22.4,16.0,8.6,0.8,4.9,14.3,15.8,,0.1,0.2,0.3,.124,,-4.4,0.6,-3.8,-0.1,2019,2020
Jakob Pöltl,C,24,SAS,58,965,19.6,.611,.000,.339,11.6,23.0,17.3,14.6,1.5,7.7,15.2,13.3,,2.0,1.3,3.3,.165,,0.8,2.3,3.1,1.2,2019,2020
Shamorie Ponds,PG,21,TOR,4,11,33.2,.765,.400,.400,0.0,9.4,4.8,32.1,0.0,8.8,0.0,22.9,,0.1,0.0,0.1,.451,,8.5,5.2,13.7,0.0,2019,2020
Jordan Poole,SG,20,GSW,56,1248,6.9,.448,.526,.234,0.8,9.7,5.1,15.7,1.3,0.7,11.9,21.0,,-1.7,0.4,-1.3,-0.050,,-4.6,-2.2,-6.8,-1.5,2019,2020
Kevin Porter,SF,19,CLE,50,1162,10.8,.535,.375,.240,2.1,13.5,7.7,13.9,1.9,1.0,16.7,20.5,,-0.3,0.6,0.3,.011,,-3.2,-0.7,-3.8,-0.6,2019,2020
Michael Porter,PF,21,DEN,47,665,18.8,.595,.362,.152,8.9,24.3,16.6,8.1,1.4,2.6,10.4,21.9,,1.1,0.9,2.0,.146,,1.7,-0.7,1.0,0.5,2019,2020
Otto Porter,SF,26,CHI,13,305,15.3,.541,.442,.202,4.1,12.2,8.0,11.9,2.1,1.9,6.6,21.0,,0.3,0.3,0.7,.104,,0.5,0.1,0.6,0.2,2019,2020
Bobby Portis,C,24,NYK,64,1350,14.4,.528,.323,.160,6.0,20.4,13.0,10.6,1.2,1.1,10.5,21.3,,0.8,1.0,1.8,.063,,-0.1,-1.1,-1.2,0.3,2019,2020
Kristaps Porziņģis,PF,24,DAL,50,1559,19.7,.544,.445,.288,6.0,25.2,15.8,8.5,1.1,5.6,8.4,26.8,,1.9,2.5,4.4,.134,,1.5,0.2,1.7,1.5,2019,2020
Dwight Powell,C,28,DAL,40,1061,16.0,.677,.170,.485,7.5,14.7,11.2,7.7,1.6,1.8,11.5,12.7,,2.6,1.1,3.7,.168,,0.5,0.9,1.4,0.9,2019,2020
Norman Powell,SG,26,TOR,44,1269,17.4,.629,.457,.252,2.0,11.2,6.7,9.7,2.1,1.3,10.0,21.5,,2.2,1.9,4.2,.157,,1.5,0.9,2.4,1.4,2019,2020
Chasson Randle,PG,26,GSW,2,26,5.7,.399,.500,2.000,0.0,8.6,4.2,9.6,1.8,0.0,0.0,6.2,,0.0,0.0,0.0,.033,,-6.4,0.2,-6.3,0.0,2019,2020
Julius Randle,PF,25,NYK,62,2016,17.4,.534,.231,.351,7.6,24.9,16.0,15.9,1.2,1.0,14.2,27.6,,0.9,1.7,2.6,.061,,0.6,-0.9,-0.3,0.9,2019,2020
Josh Reaves,SG,22,DAL,2,1,-40.0,.000,.000,.000,0.0,0.0,0.0,0.0,0.0,0.0,0.0,42.8,,0.0,0.0,0.0,-1.036,,-24.2,-15.1,-39.3,0.0,2019,2020
Cam Reddish,SF,20,ATL,57,1516,9.1,.502,.453,.233,2.5,12.6,7.5,8.2,1.8,1.5,13.5,18.9,,-1.0,0.7,-0.3,-0.009,,-3.1,-0.9,-4.0,-0.8,2019,2020
J.J. Redick,SG,35,NOP,54,1425,15.1,.639,.618,.292,0.7,9.7,5.2,10.8,0.6,0.5,9.4,19.9,,3.2,0.5,3.7,.125,,2.1,-1.7,0.4,0.9,2019,2020
Naz Reid,C,20,MIN,29,472,15.5,.501,.413,.217,7.3,19.9,13.4,10.8,1.8,3.9,6.9,24.1,,0.2,0.5,0.8,.077,,-1.4,-0.5,-1.9,0.0,2019,2020
Josh Richardson,SG,26,PHI,47,1445,12.2,.526,.373,.218,2.8,9.5,6.1,15.0,1.5,1.9,12.8,21.3,,0.3,1.6,1.8,.061,,-1.6,-0.2,-1.7,0.1,2019,2020
Austin Rivers,SG,27,HOU,59,1384,10.2,.533,.535,.211,1.9,8.9,5.4,9.5,1.4,0.6,6.8,14.9,,1.2,0.9,2.2,.075,,-1.9,-0.4,-2.3,-0.1,2019,2020
Duncan Robinson,SF,25,MIA,64,1914,12.9,.684,.883,.083,0.6,11.2,6.1,7.0,0.8,0.8,8.7,15.7,,3.3,1.5,4.7,.119,,1.4,-0.8,0.5,1.2,2019,2020
Glenn Robinson,SF,26,TOT,59,1727,13.5,.577,.330,.144,4.7,11.7,8.1,8.7,1.5,0.8,8.0,16.4,,2.0,0.9,2.9,.079,,-0.6,-1.2,-1.7,0.1,2019,2020
Jerome Robinson,SG,22,TOT,54,734,6.1,.443,.477,.136,1.1,14.1,7.6,11.4,1.4,1.5,13.0,14.8,,-0.6,0.7,0.1,.004,,-4.7,0.1,-4.6,-0.5,2019,2020
Justin Robinson,PG,22,WAS,9,49,8.2,.542,.417,.000,2.1,9.3,5.6,18.6,0.0,1.8,20.0,12.7,,0.0,0.0,0.0,.005,,-2.4,-3.2,-5.7,0.0,2019,2020
Mitchell Robinson,C,21,NYK,59,1361,23.5,.723,.000,.422,13.6,19.3,16.4,4.1,1.8,8.1,8.7,13.3,,4.6,2.0,6.5,.230,,1.5,1.6,3.1,1.7,2019,2020
Isaiah Roby,SF,21,OKC,3,11,-7.7,.000,.000,.000,0.0,19.5,10.1,0.0,0.0,0.0,50.0,8.0,,-0.1,0.0,0.0,-0.192,,-12.0,-3.5,-15.5,0.0,2019,2020
Rajon Rondo,PG,33,LAL,47,969,12.6,.494,.378,.126,2.6,13.0,7.9,32.7,2.0,0.2,20.6,18.8,,0.2,1.3,1.5,.076,,-0.9,-0.1,-1.0,0.3,2019,2020
Derrick Rose,PG,31,DET,50,1298,21.1,.555,.195,.185,2.3,8.3,5.3,40.5,1.5,1.0,13.4,31.6,,1.9,0.7,2.6,.095,,3.9,-1.8,2.2,1.4,2019,2020
Terrence Ross,SG,28,ORL,62,1692,14.2,.547,.584,.208,0.8,12.3,6.4,6.8,2.0,1.1,6.7,22.7,,1.0,1.8,2.8,.080,,-0.2,-0.1,-0.3,0.7,2019,2020
Terry Rozier,PG,25,CHO,63,2164,14.9,.553,.450,.202,2.4,11.9,7.0,20.4,1.4,0.4,12.1,23.7,,1.9,1.1,3.0,.066,,0.8,-1.3,-0.5,0.8,2019,2020
Ricky Rubio,PG,29,PHO,56,1766,16.2,.527,.308,.321,2.6,13.9,8.2,39.9,2.4,0.4,17.9,20.1,,2.3,1.7,4.0,.109,,0.5,0.3,0.7,1.2,2019,2020
D'Angelo Russell,PG,23,TOT,44,1418,18.5,.553,.504,.229,1.2,12.1,6.5,35.4,1.5,0.8,13.4,31.5,,1.1,0.7,1.7,.058,,3.6,-2.1,1.5,1.2,2019,2020
Domantas Sabonis,C,23,IND,61,2117,20.7,.586,.079,.356,9.7,29.8,19.9,21.6,1.1,1.2,14.9,23.3,,4.1,3.3,7.4,.168,,2.1,1.1,3.1,2.8,2019,2020
Luka Šamanić,PF,20,SAS,1,12,-3.4,.000,.500,.000,0.0,18.0,9.0,28.9,0.0,0.0,0.0,14.5,,-0.1,0.0,-0.1,-0.252,,-10.8,-6.5,-17.3,0.0,2019,2020
JaKarr Sampson,SF,26,IND,25,328,12.2,.621,.152,.253,4.8,13.4,9.1,3.4,1.3,2.4,7.4,12.7,,0.4,0.4,0.8,.122,,-2.5,0.9,-1.5,0.0,2019,2020
Dario Šarić,PF,25,PHO,57,1403,13.0,.568,.458,.205,6.7,20.1,13.2,10.9,1.1,0.9,12.7,17.2,,1.4,1.2,2.5,.087,,-0.6,-0.4,-1.0,0.4,2019,2020
Tomáš Satoranský,PG,28,CHI,64,1849,13.6,.535,.360,.222,4.1,10.9,7.3,27.2,2.1,0.4,17.8,16.7,,1.8,1.6,3.4,.089,,-1.1,-0.3,-1.4,0.3,2019,2020
Admiral Schofield,SF,22,WAS,26,292,6.8,.514,.627,.173,2.2,10.9,6.4,6.2,1.3,0.9,8.0,12.5,,0.1,0.0,0.1,.019,,-4.2,-1.1,-5.3,-0.2,2019,2020
Dennis Schröder,PG,26,OKC,63,1952,16.8,.573,.339,.243,1.1,11.8,6.6,21.6,1.1,0.6,13.2,27.2,,1.9,1.6,3.5,.086,,1.2,-1.2,0.0,1.0,2019,2020
Mike Scott,PF,31,PHI,62,1100,10.2,.540,.644,.092,5.5,16.6,11.0,5.6,0.8,0.4,6.8,13.8,,1.0,1.1,2.0,.088,,-1.3,-0.9,-2.2,-0.1,2019,2020
Thabo Sefolosha,PF,35,HOU,41,436,9.5,.487,.593,.088,5.0,17.4,11.2,7.5,2.6,2.4,13.7,10.4,,0.1,0.6,0.7,.073,,-2.7,1.6,-1.1,0.1,2019,2020
Collin Sexton,SG,21,CLE,64,2106,16.2,.557,.238,.248,3.2,7.4,5.3,14.9,1.5,0.3,11.4,27.2,,2.1,0.3,2.5,.056,,0.2,-2.1,-1.9,0.1,2019,2020
Landry Shamet,SG,22,LAC,46,1268,9.2,.606,.765,.170,0.5,6.6,3.6,8.6,0.7,0.6,8.7,13.2,,1.6,1.0,2.7,.101,,-1.3,-0.3,-1.6,0.1,2019,2020
Marial Shayok,SG,24,PHI,2,10,-1.9,.300,.600,.000,0.0,33.1,16.6,13.4,0.0,0.0,16.7,25.9,,-0.1,0.0,0.0,-0.227,,-8.9,-2.6,-11.5,0.0,2019,2020
Iman Shumpert,SG,29,BRK,13,241,5.3,.403,.516,.109,4.0,10.4,7.3,6.8,2.4,0.7,13.0,13.4,,-0.3,0.3,0.0,-0.002,,-6.3,0.8,-5.5,-0.2,2019,2020
Pascal Siakam,PF,25,TOR,53,1882,18.7,.559,.320,.275,3.3,18.8,11.2,17.0,1.3,2.5,10.5,28.5,,2.0,3.2,5.2,.133,,1.8,0.5,2.3,2.0,2019,2020
Chris Silva,PF,23,MIA,41,307,17.2,.663,.029,.710,20.7,19.3,19.9,10.2,1.4,5.8,25.5,17.5,,0.7,0.5,1.1,.179,,-3.3,0.8,-2.6,0.0,2019,2020
Ben Simmons,PG,23,PHI,54,1930,20.8,.608,.010,.460,6.2,18.0,12.1,34.8,2.9,1.4,20.6,20.9,,3.8,3.1,7.0,.173,,1.4,2.5,3.8,2.8,2019,2020
Anfernee Simons,SG,20,POR,64,1388,9.3,.504,.415,.172,1.9,9.0,5.5,9.5,0.9,0.6,9.8,19.1,,0.0,0.2,0.2,.008,,-2.5,-1.9,-4.4,-0.8,2019,2020
Alen Smailagić,PF,19,GSW,14,139,14.5,.610,.325,.475,7.5,13.7,10.5,14.3,1.0,2.6,18.5,18.2,,0.2,0.1,0.2,.082,,-1.4,-0.8,-2.2,0.0,2019,2020
Marcus Smart,SG,25,BOS,52,1685,14.0,.519,.586,.202,2.6,10.0,6.3,21.0,2.5,1.5,11.6,19.3,,1.6,2.4,4.1,.116,,0.2,1.4,1.6,1.5,2019,2020
Dennis Smith,PG,22,NYK,34,537,7.5,.399,.256,.251,4.0,11.7,7.7,26.5,2.5,1.4,19.8,23.1,,-1.3,0.5,-0.9,-0.078,,-5.2,-1.0,-6.2,-0.6,2019,2020
Ish Smith,PG,31,WAS,60,1570,13.8,.512,.258,.120,1.9,11.7,6.6,25.8,1.5,1.3,11.2,18.3,,1.3,0.4,1.7,.053,,-0.2,-1.2,-1.4,0.2,2019,2020
Zhaire Smith,SG,20,PHI,7,32,1.1,.313,.273,.364,0.0,6.9,3.4,8.3,4.6,0.0,13.6,19.9,,-0.1,0.1,-0.1,-0.118,,-11.0,0.8,-10.2,-0.1,2019,2020
Tony Snell,SF,28,DET,58,1613,9.6,.597,.671,.077,0.6,7.2,3.9,10.8,0.9,0.8,7.1,11.3,,2.0,0.5,2.5,.075,,-1.1,-0.6,-1.7,0.1,2019,2020
Omari Spellman,PF,22,GSW,49,886,14.4,.551,.373,.312,9.1,18.0,13.4,8.1,1.8,2.4,13.9,18.7,,0.5,0.7,1.2,.067,,-0.8,-1.1,-1.9,0.0,2019,2020
Max Strus,SG,23,CHI,2,6,30.7,.727,.333,.333,17.5,0.0,9.2,0.0,0.0,0.0,0.0,24.4,,0.0,0.0,0.0,.316,,5.3,-1.0,4.3,0.0,2019,2020
Edmond Sumner,PG,24,IND,24,328,10.2,.484,.355,.140,3.4,7.7,5.6,15.8,2.2,1.9,13.7,17.6,,-0.1,0.4,0.3,.041,,-3.4,0.3,-3.1,-0.1,2019,2020
Caleb Swanigan,PF,22,TOT,26,277,7.7,.597,.043,.362,9.9,25.7,17.9,14.2,0.5,2.2,39.8,13.9,,-0.2,0.2,0.0,.006,,-6.3,0.6,-5.7,-0.3,2019,2020
Jayson Tatum,PF,21,BOS,58,2007,20.2,.561,.377,.250,3.0,18.9,11.0,14.1,1.9,2.5,9.8,28.6,,2.7,3.3,6.0,.144,,3.2,0.6,3.8,2.9,2019,2020
Jeff Teague,PG,31,TOT,58,1446,14.5,.552,.241,.400,1.9,8.5,5.1,30.7,1.4,1.1,16.7,19.4,,1.8,0.6,2.4,.079,,-0.3,-1.4,-1.7,0.1,2019,2020
Garrett Temple,SG,33,BRK,55,1547,10.3,.507,.660,.139,1.9,10.5,6.3,13.1,1.3,1.4,9.3,16.6,,0.5,1.6,2.1,.065,,-1.5,0.4,-1.0,0.4,2019,2020
Daniel Theis,C,27,BOS,57,1349,18.0,.624,.214,.281,10.3,19.4,14.9,9.8,1.3,5.0,10.4,14.7,,3.4,2.3,5.7,.202,,0.3,1.8,2.2,1.4,2019,2020
Isaiah Thomas,PG,30,WAS,40,925,11.6,.531,.444,.178,1.3,7.0,4.0,23.1,0.7,0.6,14.4,24.1,,0.2,-0.2,0.0,.000,,-0.4,-4.0,-4.4,-0.6,2019,2020
Khyri Thomas,SG,23,DET,7,47,2.2,.437,.786,.143,2.4,0.0,1.2,5.8,2.1,0.0,16.8,16.6,,-0.1,0.0,-0.1,-0.074,,-5.7,-2.2,-8.0,-0.1,2019,2020
Matt Thomas,SG,25,TOR,33,321,13.6,.650,.676,.090,2.4,13.2,7.9,7.9,1.2,0.0,9.4,17.0,,0.5,0.4,0.9,.137,,0.9,0.3,1.2,0.3,2019,2020
Tristan Thompson,C,28,CLE,57,1721,16.8,.540,.041,.286,14.4,22.8,18.6,10.5,0.9,2.5,14.0,18.3,,2.0,1.0,3.1,.085,,-0.2,-1.4,-1.6,0.2,2019,2020
Matisse Thybulle,SG,22,PHI,56,1092,9.5,.522,.611,.179,3.5,5.2,4.3,8.3,3.4,3.1,15.1,11.5,,0.1,1.8,1.8,.080,,-3.1,3.1,-0.1,0.5,2019,2020
Anthony Tolliver,PF,34,TOT,46,714,6.7,.493,.776,.151,4.4,14.8,9.6,5.8,1.0,1.3,15.2,11.4,,-0.1,0.4,0.3,.017,,-3.1,-0.8,-3.9,-0.3,2019,2020
Juan Toscano-Anderson,SF,26,GSW,12,271,9.6,.537,.371,.081,3.5,17.8,10.4,13.9,2.3,1.7,20.0,12.6,,0.0,0.2,0.2,.035,,-3.9,0.2,-3.7,-0.1,2019,2020
Karl-Anthony Towns,C,24,MIN,35,1187,26.5,.642,.445,.363,8.1,26.1,16.8,22.8,1.3,2.9,13.2,28.8,,3.8,1.3,5.1,.205,,7.1,0.8,7.8,2.9,2019,2020
Gary Trent,SG,21,POR,52,1042,12.1,.563,.574,.104,1.9,6.6,4.3,6.4,1.8,1.0,5.0,15.5,,1.3,0.3,1.6,.074,,-0.4,-0.6,-1.0,0.3,2019,2020
Allonzo Trier,PG,24,NYK,24,291,14.6,.620,.500,.406,2.1,8.7,5.3,14.8,0.5,1.3,15.0,21.4,,0.5,0.1,0.5,.089,,0.9,-1.3,-0.5,0.1,2019,2020
P.J. Tucker,PF,34,HOU,63,2167,8.6,.579,.685,.118,4.7,16.1,10.4,5.9,1.5,1.1,14.4,8.7,,1.7,2.1,3.8,.084,,-2.2,0.6,-1.6,0.2,2019,2020
Rayjon Tucker,SG,22,UTA,14,78,4.5,.448,.316,.263,2.9,14.8,9.1,3.5,0.6,0.0,12.4,13.6,,-0.1,0.1,0.0,-0.009,,-6.7,-1.2,-7.9,-0.1,2019,2020
Evan Turner,PG,31,ATL,19,251,6.8,.424,.075,.209,3.4,13.0,8.2,20.6,1.7,2.7,26.2,16.4,,-0.5,0.1,-0.3,-0.065,,-4.8,-0.7,-5.6,-0.2,2019,2020
Myles Turner,C,23,IND,54,1592,14.7,.559,.447,.281,4.8,19.5,12.2,5.2,1.3,6.4,10.3,17.5,,1.0,2.7,3.7,.111,,-0.8,1.0,0.2,0.9,2019,2020
Jarrod Uthoff,SF,26,MEM,4,14,-0.1,.254,.571,.286,7.6,0.0,3.7,0.0,3.3,0.0,0.0,23.4,,-0.1,0.0,0.0,-0.167,,-11.6,-2.4,-14.0,0.0,2019,2020
Jonas Valančiūnas,C,27,MEM,61,1594,22.2,.626,.122,.240,12.4,31.9,22.3,10.4,0.7,3.7,12.5,21.3,,3.7,2.3,6.0,.180,,2.1,0.0,2.1,1.7,2019,2020
Denzel Valentine,SF,26,CHI,35,465,12.9,.505,.582,.036,2.0,16.0,8.7,14.1,2.6,1.2,9.5,23.2,,-0.1,0.6,0.4,.046,,-0.9,0.2,-0.6,0.2,2019,2020
Jarred Vanderbilt,SF-PF,20,TOT,11,46,7.6,.676,.125,.250,7.2,14.5,10.8,5.9,3.2,2.0,44.1,14.9,,-0.1,0.1,0.0,-0.020,,-6.6,0.7,-5.9,0.0,2019,2020
Fred VanVleet,PG,25,TOR,48,1719,16.0,.546,.482,.237,1.1,9.7,5.5,27.4,2.5,0.7,12.4,22.0,,2.2,2.6,4.9,.136,,1.1,1.2,2.4,1.9,2019,2020
Gabe Vincent,PG,23,MIA,6,42,1.2,.316,.842,.000,0.0,7.7,4.0,9.9,1.2,0.0,0.0,19.9,,-0.1,0.0,-0.1,-0.104,,-6.7,-2.9,-9.6,-0.1,2019,2020
Noah Vonleh,C-PF,24,TOT,33,364,15.6,.621,.169,.337,10.4,25.9,17.8,10.7,1.4,1.4,17.0,14.0,,0.6,0.4,1.0,.126,,-1.1,0.3,-0.8,0.1,2019,2020
Nikola Vučević,C,29,ORL,53,1727,21.7,.538,.274,.163,7.7,29.3,18.1,19.7,1.3,2.5,7.3,26.0,,2.8,2.6,5.3,.149,,3.3,0.6,3.9,2.6,2019,2020
Dean Wade,PF,23,CLE,12,71,13.9,.744,.308,.077,4.6,25.2,14.8,4.0,1.4,4.8,18.2,9.9,,0.1,0.1,0.2,.104,,-1.7,0.4,-1.3,0.0,2019,2020
Moritz Wagner,C,22,WAS,36,686,16.5,.662,.299,.348,7.4,23.4,15.1,10.2,1.5,2.2,17.3,18.9,,1.2,0.5,1.7,.118,,-1.2,-0.4,-1.6,0.1,2019,2020
Dion Waiters,SG,28,MIA,3,42,13.5,.530,.654,.038,0.0,28.2,14.7,12.4,0.0,4.7,10.2,30.9,,-0.1,0.1,0.0,.001,,2.4,-0.6,1.8,0.0,2019,2020
Kemba Walker,PG,29,BOS,49,1561,20.6,.572,.524,.270,2.3,11.4,6.9,25.0,1.5,1.5,10.3,28.0,,3.6,1.9,5.5,.168,,5.3,-0.2,5.0,2.8,2019,2020
Lonnie Walker,SG,21,SAS,53,767,11.0,.515,.266,.199,2.8,13.4,8.1,8.4,1.8,1.5,9.6,18.2,,0.0,0.5,0.4,.028,,-2.5,-0.7,-3.2,-0.2,2019,2020
Tyrone Wallace,SG,25,ATL,14,160,3.9,.389,.341,.386,2.0,12.9,7.4,10.9,2.0,0.5,16.3,16.0,,-0.3,0.1,-0.3,-0.075,,-7.6,-1.0,-8.7,-0.3,2019,2020
Taurean Waller-Prince,SF,25,BRK,63,1830,9.3,.500,.581,.120,2.8,17.9,10.5,9.4,1.5,1.1,14.2,20.4,,-1.6,2.3,0.8,.020,,-2.7,-0.2,-2.9,-0.4,2019,2020
Derrick Walton,PG,24,TOT,26,248,8.7,.617,.615,.231,0.9,5.7,3.3,13.9,1.4,0.0,10.4,8.1,,0.4,0.2,0.6,.112,,-2.4,1.2,-1.2,0.1,2019,2020
Brad Wanamaker,PG,30,BOS,62,1195,11.8,.558,.285,.358,1.6,9.2,5.5,17.8,2.1,0.9,15.9,15.5,,1.2,1.5,2.7,.108,,-2.4,1.0,-1.4,0.2,2019,2020
T.J. Warren,SF,26,IND,60,1950,17.3,.600,.214,.215,3.3,10.1,6.7,7.0,1.7,1.2,7.4,22.7,,3.1,2.2,5.3,.131,,0.4,-0.2,0.3,1.1,2019,2020
P.J. Washington,PF,21,CHO,57,1723,12.4,.549,.385,.234,3.3,16.8,9.8,11.4,1.5,2.3,12.7,18.5,,0.5,1.4,1.9,.053,,-1.8,0.1,-1.7,0.1,2019,2020
Yuta Watanabe,SG,25,MEM,16,99,9.5,.461,.276,.276,6.5,11.4,9.0,5.3,2.4,0.9,5.8,14.5,,0.0,0.1,0.1,.047,,-3.6,0.2,-3.4,0.0,2019,2020
Tremont Waters,PG,22,BOS,10,89,6.5,.438,.486,.171,0.0,10.7,5.4,18.8,2.7,2.1,21.0,22.9,,-0.2,0.1,-0.1,-0.044,,-6.6,0.0,-6.6,-0.1,2019,2020
Paul Watson,SF-SG,25,TOT,5,25,-0.5,.056,.500,.250,0.0,17.0,8.5,23.9,1.9,3.9,0.0,14.9,,-0.1,0.0,-0.1,-0.182,,-8.0,0.8,-7.2,0.0,2019,2020
Quinndary Weatherspoon,SG,23,SAS,3,15,-5.1,.000,.333,.000,0.0,7.2,3.6,7.7,0.0,0.0,0.0,8.7,,-0.1,0.0,-0.1,-0.197,,-9.0,-6.0,-15.0,0.0,2019,2020
Russell Westbrook,PG,31,HOU,52,1868,21.5,.537,.170,.288,5.2,18.4,11.8,35.1,2.1,0.8,14.7,34.5,,2.0,2.2,4.2,.108,,2.0,-0.2,1.8,1.8,2019,2020
Coby White,SG,19,CHI,64,1636,12.1,.506,.476,.160,1.8,14.0,7.6,16.4,1.4,0.3,10.8,24.2,,-0.3,1.3,1.0,.031,,-1.2,-1.4,-2.5,-0.2,2019,2020
Derrick White,SG,25,SAS,60,1433,15.7,.586,.344,.377,2.2,11.8,7.0,19.1,1.2,3.1,12.0,18.2,,2.4,0.8,3.2,.109,,0.7,0.1,0.8,1.0,2019,2020
Hassan Whiteside,C,30,POR,60,1874,25.1,.641,.011,.337,13.4,33.5,23.6,6.0,0.6,8.4,13.2,19.9,,5.0,2.9,7.9,.203,,2.5,0.7,3.2,2.5,2019,2020
Andrew Wiggins,SF-SG,24,TOT,53,1826,16.4,.535,.339,.274,3.7,12.4,7.9,18.1,1.2,2.5,10.8,27.4,,0.8,1.1,1.9,.050,,1.1,-1.4,-0.3,0.8,2019,2020
Grant Williams,PF,21,BOS,61,967,8.0,.508,.443,.266,6.5,11.8,9.1,8.4,1.4,3.2,17.7,11.5,,0.2,1.3,1.5,.075,,-3.9,1.2,-2.7,-0.2,2019,2020
Johnathan Williams,C,24,WAS,11,135,14.4,.643,.080,.200,11.7,23.6,17.4,5.9,0.3,3.9,12.8,9.6,,0.3,0.1,0.3,.115,,-0.3,-1.4,-1.7,0.0,2019,2020
Kenrich Williams,PF,25,NOP,35,779,7.7,.430,.671,.168,6.6,17.5,12.0,8.3,1.5,2.2,12.0,9.2,,0.1,0.8,0.8,.051,,-3.1,0.9,-2.3,0.0,2019,2020
Lou Williams,SG,33,LAC,60,1757,17.2,.546,.334,.365,1.7,9.0,5.5,30.0,1.1,0.5,14.4,28.3,,2.2,1.7,3.9,.107,,2.1,-1.4,0.7,1.2,2019,2020
Marvin Williams,PF,33,TOT,52,1011,11.4,.585,.578,.217,2.1,13.7,7.8,8.0,1.7,2.3,9.3,13.0,,1.0,1.0,2.1,.098,,-1.7,0.9,-0.8,0.3,2019,2020
Robert Williams,C,22,BOS,23,323,19.6,.671,.000,.403,11.4,24.3,17.9,9.5,3.0,8.1,21.5,12.3,,0.6,0.8,1.4,.205,,-0.4,4.4,4.1,0.5,2019,2020
Nigel Williams-Goss,PG,25,UTA,9,28,5.7,.254,.286,.286,8.2,11.2,9.8,22.3,1.7,3.0,20.2,15.5,,-0.1,0.0,0.0,-0.045,,-5.0,1.1,-3.9,0.0,2019,2020
Zion Williamson,PF,19,NOP,19,565,24.3,.624,.045,.521,10.2,13.9,12.0,12.6,1.3,1.3,12.4,29.6,,1.3,0.4,1.8,.150,,3.6,-1.2,2.4,0.6,2019,2020
D.J. Wilson,PF,23,MIL,31,280,8.4,.476,.545,.089,3.8,19.3,12.0,10.3,0.3,1.6,12.5,17.7,,-0.2,0.5,0.3,.055,,-3.8,0.2,-3.6,-0.1,2019,2020
Justise Winslow,SF,23,MIA,11,352,8.6,.440,.209,.209,5.3,17.4,11.6,18.6,1.0,1.4,14.6,20.6,,-0.4,0.4,0.0,-0.002,,-3.4,-0.1,-3.5,-0.1,2019,2020
Christian Wood,PF,24,DET,61,1286,22.9,.654,.278,.486,9.0,25.0,16.9,7.5,1.2,3.4,12.0,22.9,,3.5,1.4,4.9,.183,,3.3,-0.3,2.9,1.6,2019,2020
Delon Wright,SG,27,DAL,63,1364,16.0,.562,.304,.239,4.9,13.7,9.4,21.2,2.5,1.2,13.4,14.7,,2.5,1.6,4.2,.147,,0.5,1.6,2.1,1.4,2019,2020
Justin Wright-Foreman,PG,22,UTA,1,2,0.0,,,,0.0,0.0,0.0,0.0,0.0,0.0,,0.0,,0.0,0.0,0.0,.010,,-6.0,-0.9,-6.9,0.0,2019,2020
Thaddeus Young,PF,31,CHI,63,1570,13.3,.520,.370,.118,6.2,16.1,10.9,11.2,2.8,1.4,13.8,19.7,,-0.2,2.0,1.9,.057,,-1.4,0.2,-1.2,0.3,2019,2020
Trae Young,PG,21,ATL,59,2082,23.8,.593,.454,.444,1.5,11.7,6.5,45.6,1.5,0.3,16.2,34.9,,5.2,0.5,5.7,.132,,6.2,-2.3,3.9,3.1,2019,2020
Cody Zeller,C,27,CHO,57,1318,18.5,.573,.157,.372,12.3,21.2,16.6,11.1,1.5,1.7,11.9,20.8,,2.2,1.2,3.4,.124,,0.0,-0.9,-0.9,0.4,2019,2020
Ante Žižić,C,23,CLE,22,221,16.4,.597,.000,.264,9.0,24.3,16.6,4.2,1.5,1.9,11.1,17.5,,0.3,0.2,0.5,.106,,-1.6,-1.7,-3.3,-0.1,2019,2020
Ivica Zubac,C,22,LAC,63,1137,21.0,.642,.006,.416,15.0,25.5,20.3,8.9,0.5,4.5,11.4,16.3,,3.5,2.0,5.5,.232,,1.5,1.0,2.5,1.3,2019,2020
