Player,Pos,Age,Tm,G,GS,MP,FG,FGA,FG%,3P,3PA,3P%,2P,2PA,2P%,eFG%,FT,FTA,FT%,ORB,DRB,TRB,AST,STL,BLK,TOV,PF,PTS,season_start,season_end
Steven Adams,C,26,OKC,58,58,27.0,4.5,7.6,.591,0.0,0.1,.333,4.5,7.6,.593,.593,1.9,3.2,.590,3.4,6.0,9.4,2.4,0.9,1.1,1.5,1.9,10.9,2019,2020
Bam Adebayo,PF,22,MIA,64,64,34.4,6.2,11.0,.565,0.0,0.2,.077,6.2,10.8,.575,.566,3.7,5.3,.691,2.5,8.0,10.6,5.0,1.2,1.3,2.8,2.5,16.1,2019,2020
LaMarcus Aldridge,C,34,SAS,52,52,33.0,7.3,14.8,.495,1.2,2.9,.392,6.2,11.9,.520,.534,3.0,3.6,.829,2.0,5.5,7.5,2.4,0.6,1.6,1.4,2.4,18.8,2019,2020
Nickeil Alexander-Walker,SG,21,NOP,41,0,12.2,1.9,5.5,.339,1.0,2.9,.342,0.9,2.7,.336,.427,0.4,0.7,.607,0.2,1.8,2.0,1.8,0.3,0.2,1.0,1.1,5.1,2019,2020
Grayson Allen,SG,24,MEM,30,0,16.6,2.6,5.9,.449,1.1,3.0,.363,1.5,2.8,.541,.543,1.0,1.2,.857,0.2,2.0,2.2,1.4,0.2,0.0,0.8,1.2,7.4,2019,2020
Jarrett Allen,C,21,BRK,63,58,25.8,4.2,6.5,.647,0.0,0.1,.000,4.2,6.4,.655,.647,2.3,3.7,.627,3.0,6.5,9.5,1.3,0.6,1.3,1.1,2.3,10.8,2019,2020
Kadeem Allen,SG,27,NYK,10,0,11.7,1.9,4.4,.432,0.5,1.6,.313,1.4,2.8,.500,.489,0.7,1.1,.636,0.2,0.7,0.9,2.1,0.5,0.2,0.8,0.7,5.0,2019,2020
Al-Farouq Aminu,PF,29,ORL,18,2,21.1,1.4,4.8,.291,0.5,2.0,.250,0.9,2.8,.320,.343,1.1,1.6,.655,1.3,3.5,4.8,1.2,1.0,0.4,0.9,1.5,4.3,2019,2020
Justin Anderson,SF,26,BRK,3,0,5.7,0.3,2.0,.167,0.0,1.0,.000,0.3,1.0,.333,.167,0.3,0.7,.500,0.0,0.7,0.7,0.0,0.0,0.3,0.0,0.7,1.0,2019,2020
Kyle Anderson,PF,26,MEM,58,19,19.2,2.4,4.8,.495,0.3,1.1,.258,2.1,3.7,.562,.523,0.7,1.1,.645,0.9,3.4,4.4,2.2,0.8,0.5,0.9,1.4,5.7,2019,2020
Ryan Anderson,PF,31,HOU,2,0,7.0,1.0,3.5,.286,0.5,2.5,.200,0.5,1.0,.500,.357,0.0,0.0,,0.0,3.5,3.5,1.0,0.5,0.0,0.5,0.5,2.5,2019,2020
Giannis Antetokounmpo,PF,25,MIL,57,57,30.9,10.9,20.0,.547,1.5,4.8,.306,9.5,15.2,.622,.583,6.3,10.0,.633,2.3,11.5,13.7,5.8,1.0,1.0,3.7,3.0,29.6,2019,2020
Kostas Antetokounmpo,PF,22,LAL,3,0,1.7,0.0,0.0,,0.0,0.0,,0.0,0.0,,,0.0,0.0,,0.0,0.3,0.3,0.3,0.0,0.0,0.0,0.0,0.0,2019,2020
Thanasis Antetokounmpo,SF,27,MIL,18,2,5.2,1.1,2.0,.528,0.0,0.4,.000,1.1,1.6,.655,.528,0.4,0.8,.467,0.6,0.4,1.1,0.5,0.3,0.1,0.6,0.7,2.5,2019,2020
Carmelo Anthony,PF,35,POR,49,49,32.5,5.7,13.5,.422,1.4,3.9,.366,4.3,9.6,.445,.475,2.3,2.7,.848,1.2,5.1,6.3,1.5,0.8,0.4,1.8,2.8,15.1,2019,2020
OG Anunoby,SF,22,TOR,63,62,30.1,4.2,8.4,.507,1.3,3.4,.381,2.9,5.0,.593,.584,0.9,1.4,.686,1.2,4.2,5.4,1.6,1.4,0.7,1.2,2.5,10.7,2019,2020
Ryan Arcidiacono,PG,25,CHI,58,4,16.0,1.6,3.8,.409,0.9,2.4,.391,0.6,1.4,.439,.532,0.5,0.7,.711,0.3,1.6,1.9,1.7,0.5,0.1,0.6,1.7,4.5,2019,2020
Trevor Ariza,SF,34,TOT,52,20,28.0,2.6,6.0,.433,1.4,3.8,.362,1.2,2.2,.558,.548,1.1,1.3,.843,0.6,4.0,4.6,1.8,1.3,0.3,1.0,2.1,7.7,2019,2020
D.J. Augustin,PG,32,ORL,48,6,24.8,3.1,8.0,.392,1.2,3.5,.341,1.9,4.5,.433,.468,2.8,3.2,.882,0.4,1.9,2.2,4.6,0.6,0.0,1.4,1.0,10.3,2019,2020
Deandre Ayton,C,21,PHO,30,25,33.2,8.5,15.5,.548,0.0,0.1,.000,8.5,15.4,.552,.548,2.0,2.6,.769,4.1,7.9,12.0,1.9,0.7,1.7,2.4,3.2,19.0,2019,2020
Dwayne Bacon,SG,24,CHO,39,11,17.6,2.2,6.3,.348,0.5,1.7,.284,1.7,4.5,.373,.387,0.9,1.4,.660,0.4,2.2,2.6,1.3,0.6,0.1,0.9,1.3,5.7,2019,2020
Marvin Bagley,PF,20,SAC,13,6,25.7,6.0,12.8,.467,0.3,1.7,.182,5.7,11.2,.510,.479,1.9,2.4,.806,2.2,5.2,7.5,0.8,0.5,0.9,1.4,3.3,14.2,2019,2020
Lonzo Ball,PG,22,NOP,56,47,32.4,4.6,11.2,.412,2.5,6.5,.383,2.1,4.7,.453,.523,0.7,1.2,.567,1.1,5.1,6.2,7.0,1.4,0.5,3.1,2.0,12.4,2019,2020
Mo Bamba,C,21,ORL,59,0,14.5,2.2,4.7,.468,0.6,1.7,.353,1.6,3.0,.534,.532,0.5,0.8,.689,1.6,3.3,4.9,0.7,0.3,1.4,0.7,1.9,5.5,2019,2020
J.J. Barea,PG,35,DAL,25,4,15.0,2.9,7.1,.412,1.2,3.0,.382,1.8,4.0,.436,.494,0.7,0.7,.944,0.4,1.5,1.9,3.8,0.2,0.1,1.4,0.9,7.7,2019,2020
Harrison Barnes,PF,27,SAC,64,64,34.9,5.1,11.1,.459,1.5,3.8,.383,3.6,7.3,.498,.524,3.1,3.8,.803,1.0,3.8,4.8,2.4,0.6,0.2,1.3,1.3,14.7,2019,2020
RJ Barrett,SG,19,NYK,54,53,30.3,5.1,12.9,.398,1.1,3.5,.321,4.0,9.5,.427,.441,2.7,4.5,.602,0.9,4.1,5.0,2.6,0.9,0.3,2.2,2.2,14.1,2019,2020
Will Barton,SF,29,DEN,57,57,32.9,5.7,12.6,.448,1.8,4.9,.373,3.8,7.8,.495,.520,1.8,2.3,.771,1.3,5.0,6.3,3.7,1.1,0.5,1.5,2.1,14.9,2019,2020
Keita Bates-Diop,SF,24,TOT,39,0,17.1,2.3,5.3,.428,0.8,2.4,.330,1.5,2.9,.509,.502,1.3,1.8,.710,0.5,2.3,2.9,0.8,0.4,0.5,0.4,1.0,6.6,2019,2020
Nicolas Batum,SF,31,CHO,22,3,23.0,1.3,3.7,.346,0.6,2.2,.286,0.6,1.5,.438,.432,0.4,0.5,.900,1.1,3.4,4.5,3.0,0.8,0.4,1.0,1.9,3.6,2019,2020
Aron Baynes,C,33,PHO,41,27,22.0,4.4,9.0,.490,1.4,3.9,.360,3.0,5.0,.592,.569,1.4,1.8,.747,1.7,4.0,5.7,1.6,0.2,0.6,1.2,3.4,11.6,2019,2020
Kent Bazemore,SF-SG,30,TOT,64,21,25.1,2.9,7.7,.374,1.2,3.6,.342,1.7,4.2,.401,.453,1.7,2.2,.768,0.4,4.0,4.3,1.3,1.1,0.6,1.3,2.8,8.7,2019,2020
Darius Bazley,PF,19,OKC,53,8,17.2,1.7,4.3,.383,0.6,1.9,.300,1.1,2.5,.446,.448,0.6,0.9,.681,0.4,3.3,3.7,0.5,0.4,0.7,0.8,0.8,4.5,2019,2020
Bradley Beal,SG,26,WAS,56,56,36.0,10.4,22.8,.455,3.0,8.4,.352,7.4,14.4,.515,.520,6.6,7.9,.842,0.9,3.3,4.3,6.1,1.2,0.4,3.4,2.2,30.4,2019,2020
Malik Beasley,SG,23,TOT,54,13,21.8,4.2,9.7,.430,2.0,5.0,.391,2.2,4.7,.472,.532,1.0,1.2,.818,0.3,2.4,2.7,1.4,0.7,0.1,1.0,1.4,11.3,2019,2020
Marco Belinelli,SG,33,SAS,51,0,14.8,2.0,5.2,.380,1.0,2.9,.356,0.9,2.2,.412,.481,0.6,0.8,.780,0.1,1.6,1.7,1.2,0.2,0.0,0.3,0.8,5.6,2019,2020
Jordan Bell,C-PF,25,TOT,29,0,8.8,1.2,2.3,.522,0.1,0.4,.333,1.1,1.9,.564,.552,0.7,1.1,.613,1.0,1.8,2.8,0.6,0.1,0.3,0.7,0.7,3.2,2019,2020
DeAndre' Bembry,SG,25,ATL,43,4,21.3,2.4,5.3,.456,0.3,1.5,.231,2.1,3.8,.546,.489,0.6,1.1,.542,0.8,2.7,3.5,1.9,1.3,0.4,1.4,2.0,5.8,2019,2020
Dragan Bender,SF,22,TOT,15,3,17.3,2.2,5.3,.413,0.9,2.5,.342,1.3,2.8,.476,.494,0.3,0.6,.556,1.0,3.4,4.4,1.7,0.3,0.6,1.2,2.6,5.6,2019,2020
Dāvis Bertāns,PF,27,WAS,53,4,29.3,4.9,11.3,.436,3.7,8.7,.425,1.2,2.6,.471,.600,1.9,2.2,.857,0.7,3.9,4.6,1.7,0.7,0.6,1.1,2.5,15.5,2019,2020
Patrick Beverley,PG,31,LAC,47,47,27.2,2.9,6.7,.425,1.5,4.1,.368,1.3,2.6,.516,.538,0.6,0.9,.650,1.2,4.3,5.4,3.8,1.1,0.5,1.3,3.1,7.8,2019,2020
Khem Birch,C,27,ORL,40,24,19.4,1.4,2.9,.487,0.0,0.0,.000,1.4,2.9,.491,.487,1.0,1.7,.612,1.8,2.8,4.5,0.9,0.4,0.5,0.6,1.8,3.8,2019,2020
Goga Bitadze,C,20,IND,49,2,8.4,1.2,2.6,.473,0.1,0.7,.167,1.1,1.9,.591,.496,0.5,0.7,.727,0.4,1.5,2.0,0.4,0.1,0.7,0.5,1.2,3.1,2019,2020
Bismack Biyombo,C,27,CHO,52,29,19.6,2.9,5.3,.543,0.0,0.0,,2.9,5.3,.543,.543,1.8,2.9,.603,2.3,3.6,5.9,1.0,0.2,0.9,0.9,2.2,7.5,2019,2020
Nemanja Bjelica,PF,31,SAC,64,61,28.5,4.5,9.4,.475,2.0,4.6,.424,2.5,4.8,.524,.579,0.9,1.1,.822,1.7,4.8,6.4,2.8,0.8,0.5,1.4,3.0,11.9,2019,2020
Eric Bledsoe,PG,30,MIL,56,56,27.2,5.7,11.8,.482,1.3,3.6,.348,4.4,8.2,.540,.535,2.8,3.4,.813,0.7,3.9,4.6,5.4,0.9,0.4,2.5,2.1,15.4,2019,2020
Bogdan Bogdanović,SG,27,SAC,53,20,28.5,5.2,12.1,.433,2.6,7.2,.361,2.6,4.9,.541,.541,1.4,2.0,.724,0.3,2.9,3.2,3.2,1.0,0.3,1.7,2.2,14.5,2019,2020
Bojan Bogdanović,SF,30,UTA,63,63,33.1,6.6,14.8,.447,3.0,7.3,.414,3.6,7.6,.479,.548,4.0,4.4,.903,0.6,3.5,4.1,2.1,0.5,0.1,2.5,1.7,20.2,2019,2020
Jonah Bolden,PF,24,TOT,7,0,6.7,0.6,1.6,.364,0.0,0.6,.000,0.6,1.0,.571,.364,0.3,0.6,.500,0.4,0.9,1.3,0.0,0.4,0.3,0.3,1.4,1.4,2019,2020
Marques Bolden,C,21,CLE,1,0,3.0,0.0,0.0,,0.0,0.0,,0.0,0.0,,,0.0,0.0,,0.0,2.0,2.0,0.0,1.0,0.0,0.0,1.0,0.0,2019,2020
Jordan Bone,PG,22,DET,10,0,5.3,0.5,2.0,.250,0.2,1.0,.200,0.3,1.0,.300,.300,0.0,0.0,,0.0,0.4,0.4,0.8,0.1,0.0,0.2,0.6,1.2,2019,2020
Isaac Bonga,SF,20,WAS,58,41,17.7,1.7,3.2,.522,0.4,0.9,.400,1.3,2.2,.574,.582,0.9,1.1,.813,1.1,2.1,3.2,1.1,0.6,0.4,0.7,2.3,4.6,2019,2020
Devin Booker,SG,23,PHO,61,61,36.1,8.8,17.9,.489,2.0,5.6,.362,6.7,12.3,.548,.546,6.5,7.1,.917,0.4,3.7,4.1,6.5,0.7,0.3,3.9,3.0,26.1,2019,2020
Chris Boucher,PF,27,TOR,55,0,13.2,2.2,4.7,.458,0.5,1.8,.283,1.7,2.9,.565,.512,1.5,1.9,.796,1.7,2.7,4.4,0.4,0.4,1.0,0.4,1.9,6.3,2019,2020
Brian Bowen,SG,21,IND,5,1,5.8,0.4,1.8,.222,0.0,0.4,.000,0.4,1.4,.286,.222,0.0,0.0,,0.2,1.2,1.4,0.0,0.0,0.2,0.2,0.4,0.8,2019,2020
Ky Bowman,PG,22,GSW,44,12,22.5,2.9,7.2,.410,0.7,2.4,.305,2.2,4.8,.462,.460,0.8,0.9,.829,0.5,2.1,2.7,3.0,1.0,0.2,1.6,2.2,7.4,2019,2020
Avery Bradley,SG,29,LAL,48,43,24.1,3.5,7.8,.446,1.3,3.4,.370,2.2,4.3,.507,.528,0.4,0.5,.833,0.4,2.0,2.4,1.3,0.9,0.1,1.0,2.2,8.6,2019,2020
Tony Bradley,C,22,UTA,50,2,10.7,2.1,3.1,.665,0.0,0.0,1.000,2.0,3.1,.662,.668,0.5,0.8,.650,1.8,2.5,4.3,0.3,0.2,0.5,0.5,2.0,4.7,2019,2020
Jarrell Brantley,PF,23,UTA,5,0,2.6,0.0,0.0,,0.0,0.0,,0.0,0.0,,,0.0,0.0,,0.0,1.0,1.0,0.2,0.0,0.4,0.4,0.4,0.0,2019,2020
Ignas Brazdeikis,SF,21,NYK,9,0,5.9,0.7,2.4,.273,0.1,1.0,.111,0.6,1.4,.385,.295,0.4,0.6,.800,0.2,0.3,0.6,0.4,0.0,0.1,0.2,0.3,1.9,2019,2020
Mikal Bridges,SF,23,PHO,64,23,27.0,3.2,6.3,.514,0.9,2.5,.354,2.3,3.8,.617,.584,1.4,1.6,.848,0.9,3.1,4.0,1.8,1.4,0.6,1.0,2.2,8.7,2019,2020
Miles Bridges,SF,21,CHO,64,63,30.6,4.9,11.5,.426,1.5,4.6,.331,3.4,6.9,.490,.493,1.6,2.0,.808,1.3,4.2,5.5,1.8,0.6,0.7,1.5,2.0,12.9,2019,2020
Oshae Brissett,SF,21,TOR,19,0,7.1,0.7,1.9,.361,0.2,0.8,.200,0.5,1.1,.476,.403,0.4,0.5,.800,0.5,0.9,1.4,0.4,0.2,0.1,0.4,0.9,1.9,2019,2020
Ryan Broekhoff,SG,29,DAL,17,1,10.6,1.3,3.5,.373,1.2,3.0,.392,0.1,0.5,.250,.542,0.4,0.5,.875,0.3,2.2,2.5,0.6,0.3,0.2,0.4,0.9,4.2,2019,2020
Malcolm Brogdon,PG,27,IND,48,48,30.7,6.0,13.7,.439,1.3,4.1,.313,4.8,9.7,.491,.485,3.0,3.4,.895,0.8,3.9,4.7,7.1,0.7,0.2,2.4,1.8,16.3,2019,2020
Dillon Brooks,SG,24,MEM,64,64,28.4,5.7,14.2,.402,2.0,5.5,.365,3.7,8.7,.425,.472,2.2,2.7,.806,1.0,2.4,3.3,2.0,0.9,0.4,1.6,3.8,15.6,2019,2020
Bruce Brown,SG,23,DET,58,43,28.2,3.4,7.7,.443,0.6,1.7,.344,2.8,6.1,.470,.480,1.5,2.1,.739,1.1,3.7,4.7,4.0,1.1,0.5,1.7,2.8,8.9,2019,2020
Charlie Brown,SG,22,ATL,10,0,4.0,0.6,1.9,.316,0.3,0.9,.333,0.3,1.0,.300,.395,0.5,0.5,1.000,0.2,0.2,0.4,0.2,0.2,0.2,0.3,0.3,2.0,2019,2020
Jaylen Brown,SF,23,BOS,50,50,34.0,7.6,15.4,.490,2.1,5.6,.381,5.4,9.8,.552,.559,3.2,4.3,.736,1.1,5.3,6.4,2.2,1.1,0.3,2.3,3.0,20.4,2019,2020
Moses Brown,C,20,POR,9,0,3.7,0.4,1.1,.400,0.0,0.0,,0.4,1.1,.400,.400,0.3,0.9,.375,0.3,1.2,1.6,0.1,0.1,0.1,0.3,0.8,1.2,2019,2020
Sterling Brown,SF,24,MIL,45,1,14.8,1.8,4.8,.367,0.8,2.5,.316,1.0,2.3,.423,.450,0.6,0.8,.771,0.6,3.0,3.7,1.0,0.5,0.2,0.8,1.0,5.0,2019,2020
Troy Brown,SG,20,WAS,60,14,24.9,3.8,8.4,.452,0.8,2.4,.336,3.0,6.0,.499,.500,1.4,1.8,.755,1.1,4.3,5.3,2.4,1.3,0.1,1.0,1.8,9.8,2019,2020
Jalen Brunson,PG,23,DAL,57,16,17.9,3.2,6.8,.466,0.8,2.1,.358,2.4,4.7,.515,.522,1.1,1.3,.813,0.4,2.0,2.4,3.3,0.4,0.1,1.2,1.3,8.2,2019,2020
Thomas Bryant,C,22,WAS,37,27,23.7,4.8,8.1,.601,0.6,1.4,.404,4.3,6.6,.642,.636,1.8,2.4,.733,1.9,4.8,6.8,1.9,0.4,0.9,1.3,2.2,12.0,2019,2020
Reggie Bullock,SG,28,NYK,28,19,23.4,3.1,7.8,.394,1.3,3.9,.330,1.8,3.9,.459,.477,0.6,0.7,.842,0.5,1.9,2.4,1.4,0.9,0.1,0.6,1.9,8.0,2019,2020
Trey Burke,PG,27,PHI,25,0,13.2,2.4,5.1,.465,0.6,1.5,.421,1.7,3.6,.483,.528,0.5,0.7,.722,0.6,0.8,1.4,2.1,0.3,0.0,0.5,0.8,5.9,2019,2020
Alec Burks,SG,28,TOT,58,18,27.4,4.9,12.0,.405,1.7,4.7,.367,3.2,7.3,.430,.476,3.8,4.3,.895,0.7,3.7,4.4,2.9,1.0,0.3,1.4,2.1,15.2,2019,2020
Deonte Burton,SG,26,OKC,34,0,8.4,1.1,3.1,.371,0.3,1.4,.217,0.9,1.7,.492,.419,0.2,0.4,.500,0.2,1.2,1.4,0.3,0.1,0.3,0.4,0.8,2.8,2019,2020
Jimmy Butler,SF,30,MIA,54,54,34.3,6.1,13.4,.454,0.5,2.2,.248,5.5,11.2,.494,.474,7.6,9.1,.833,1.8,4.8,6.6,6.1,1.7,0.5,2.2,1.4,20.2,2019,2020
Bruno Caboclo,SF,24,TOT,27,0,8.1,1.2,2.9,.416,0.1,1.0,.143,1.0,1.8,.571,.442,0.1,0.2,.800,0.8,1.1,2.0,0.4,0.4,0.6,0.3,0.9,2.7,2019,2020
Kentavious Caldwell-Pope,SG,26,LAL,62,20,25.5,3.5,7.4,.473,1.4,3.5,.396,2.1,3.9,.541,.566,1.2,1.5,.779,0.6,1.5,2.0,1.7,0.9,0.2,0.9,1.8,9.6,2019,2020
Vlatko Čančar,SF,22,DEN,14,0,3.2,0.4,1.1,.400,0.1,0.4,.167,0.4,0.6,.556,.433,0.3,0.3,1.000,0.4,0.4,0.7,0.2,0.1,0.1,0.2,0.5,1.2,2019,2020
Clint Capela,C,25,HOU,39,39,32.8,6.3,9.9,.629,0.0,0.0,,6.3,9.9,.629,.629,1.4,2.7,.529,4.3,9.5,13.8,1.2,0.8,1.8,1.6,2.6,13.9,2019,2020
DeMarre Carroll,SF,33,TOT,21,0,11.0,1.0,2.6,.389,0.3,1.3,.259,0.7,1.3,.519,.454,1.1,1.7,.667,0.5,1.7,2.2,0.9,0.2,0.2,0.8,1.3,3.5,2019,2020
Jevon Carter,PG,24,PHO,49,2,14.9,1.6,4.0,.406,0.9,2.3,.396,0.7,1.8,.419,.518,0.4,0.5,.826,0.5,1.4,1.9,1.3,0.8,0.2,0.6,1.5,4.6,2019,2020
Vince Carter,SF,43,ATL,59,0,14.6,1.8,5.1,.351,1.0,3.4,.300,0.8,1.7,.455,.452,0.4,0.5,.793,0.3,1.8,2.1,0.8,0.4,0.4,0.6,1.5,5.0,2019,2020
Wendell Carter,C,20,CHI,42,42,29.3,4.2,8.0,.527,0.1,0.7,.207,4.0,7.3,.557,.536,2.6,3.5,.736,3.3,6.2,9.5,1.2,0.7,0.9,1.7,3.7,11.1,2019,2020
Michael Carter-Williams,SG,28,ORL,41,0,18.3,2.4,5.7,.425,0.4,1.6,.277,2.0,4.1,.482,.464,1.6,2.0,.815,1.0,2.3,3.3,2.5,1.0,0.5,1.1,1.8,6.9,2019,2020
Alex Caruso,PG,25,LAL,57,1,17.9,1.9,4.5,.426,0.6,1.8,.352,1.3,2.6,.477,.498,1.0,1.3,.763,0.2,1.7,1.9,1.8,1.0,0.3,0.8,1.5,5.5,2019,2020
Willie Cauley-Stein,C,26,TOT,53,39,20.5,3.2,5.6,.575,0.0,0.0,.000,3.2,5.6,.577,.575,0.8,1.2,.606,1.6,4.2,5.8,1.3,0.9,1.2,0.7,2.3,7.2,2019,2020
Tyson Chandler,C,37,HOU,26,5,8.4,0.5,0.7,.778,0.0,0.0,,0.5,0.7,.778,.778,0.2,0.5,.462,1.0,1.6,2.5,0.2,0.2,0.3,0.3,1.2,1.3,2019,2020
Wilson Chandler,SF,32,BRK,34,2,20.8,2.1,5.3,.403,1.1,3.5,.303,1.1,1.8,.597,.503,0.5,0.6,.857,0.3,3.8,4.1,1.1,0.5,0.4,0.9,2.2,5.9,2019,2020
Joe Chealey,PG,24,CHO,3,0,10.3,0.0,2.3,.000,0.0,1.3,.000,0.0,1.0,.000,.000,0.7,0.7,1.000,0.0,0.0,0.0,0.3,1.3,0.0,0.7,0.7,0.7,2019,2020
Zylan Cheatham,SF,24,NOP,3,0,10.3,0.7,1.7,.400,0.0,0.3,.000,0.7,1.3,.500,.400,0.0,0.0,,0.3,1.7,2.0,0.7,0.0,0.3,1.0,1.7,1.3,2019,2020
Chris Chiozza,PG,24,TOT,20,0,11.6,1.4,3.5,.406,0.8,1.7,.441,0.7,1.8,.371,.514,0.1,0.1,1.000,0.3,1.5,1.7,2.2,0.8,0.1,0.9,1.1,3.7,2019,2020
Marquese Chriss,PF,22,GSW,58,20,20.2,3.6,6.6,.545,0.1,0.7,.205,3.4,5.9,.584,.555,2.0,2.6,.763,1.9,4.2,6.1,1.9,0.7,1.1,1.3,2.1,9.3,2019,2020
Gary Clark,PF,25,TOT,34,1,12.2,1.1,2.9,.384,0.8,2.5,.329,0.3,0.4,.714,.525,0.2,0.3,.889,0.8,1.7,2.4,0.4,0.1,0.4,0.1,0.9,3.3,2019,2020
Brandon Clarke,PF,23,MEM,50,3,21.7,5.1,8.2,.623,0.4,1.0,.404,4.7,7.1,.654,.648,1.5,1.9,.785,1.6,4.3,5.8,1.4,0.5,0.8,0.9,1.6,12.0,2019,2020
Jordan Clarkson,SG,27,TOT,63,0,24.2,5.6,12.0,.465,2.1,5.6,.368,3.5,6.3,.550,.551,1.9,2.3,.841,0.7,1.9,2.7,2.0,0.7,0.2,1.3,1.5,15.1,2019,2020
Nicolas Claxton,PF,20,BRK,15,0,12.5,1.8,3.2,.563,0.1,0.5,.143,1.7,2.7,.634,.573,0.7,1.4,.524,1.3,1.7,2.9,1.1,0.1,0.5,0.6,0.9,4.4,2019,2020
Chris Clemons,SG,22,HOU,29,0,8.7,1.8,4.3,.405,1.1,3.2,.351,0.6,1.1,.563,.536,0.2,0.2,.857,0.1,0.7,0.8,0.8,0.2,0.2,0.6,0.7,4.9,2019,2020
Antonius Cleveland,SG,25,DAL,6,0,3.7,0.3,1.0,.333,0.0,0.2,.000,0.3,0.8,.400,.333,0.2,0.3,.500,0.0,0.5,0.5,0.0,0.2,0.2,0.2,0.3,0.8,2019,2020
Amir Coffey,SG,22,LAC,12,0,7.4,1.0,2.3,.429,0.1,0.5,.167,0.9,1.8,.500,.446,0.1,0.3,.333,0.3,0.8,1.1,0.7,0.1,0.1,0.3,0.8,2.2,2019,2020
John Collins,PF,22,ATL,40,40,33.1,8.6,14.6,.588,1.5,3.5,.411,7.2,11.1,.644,.638,2.9,3.7,.801,2.8,7.2,10.0,1.5,0.7,1.6,1.8,3.4,21.6,2019,2020
Zach Collins,PF,22,POR,3,3,28.7,3.0,6.3,.474,1.0,2.3,.429,2.0,4.0,.500,.553,2.0,2.0,1.000,1.3,2.7,4.0,2.0,0.0,0.7,2.0,3.7,9.0,2019,2020
Mike Conley,PG,32,UTA,41,35,28.6,4.8,11.9,.405,2.0,5.2,.376,2.9,6.7,.429,.488,2.3,2.9,.795,0.7,2.6,3.2,4.3,0.8,0.1,1.9,2.2,13.8,2019,2020
Pat Connaughton,SG,27,MIL,61,1,18.3,2.0,4.3,.456,0.7,2.2,.321,1.2,2.0,.605,.540,0.4,0.6,.750,0.9,3.3,4.2,1.6,0.3,0.5,0.8,1.0,5.1,2019,2020
Quinn Cook,PG,26,LAL,38,0,10.8,2.0,4.6,.439,0.7,1.7,.379,1.3,2.8,.477,.512,0.2,0.2,.667,0.2,0.9,1.1,1.1,0.3,0.0,0.7,0.6,4.8,2019,2020
Tyler Cook,PF,22,CLE,11,0,3.2,0.6,0.9,.700,0.0,0.0,,0.6,0.9,.700,.700,0.5,0.5,.833,0.4,0.5,0.9,0.1,0.1,0.0,0.1,0.4,1.7,2019,2020
Robert Covington,PF,29,TOT,61,59,29.9,4.5,10.5,.432,2.4,6.9,.350,2.1,3.6,.589,.547,1.4,1.7,.802,0.9,5.5,6.4,1.2,1.5,1.3,1.5,3.1,12.9,2019,2020
Allen Crabbe,SG,27,TOT,37,1,17.6,1.7,4.8,.356,1.0,3.2,.303,0.7,1.6,.466,.458,0.3,0.4,.714,0.3,1.8,2.1,0.9,0.4,0.1,0.5,1.3,4.6,2019,2020
Torrey Craig,SF,29,DEN,49,19,17.3,1.9,4.2,.463,0.7,2.2,.330,1.2,2.0,.606,.549,0.4,0.6,.645,1.0,2.2,3.2,0.7,0.3,0.6,0.4,2.2,5.0,2019,2020
Jae Crowder,SF,29,TOT,57,46,29.2,3.4,8.9,.384,1.9,6.1,.319,1.5,2.8,.529,.494,1.7,2.1,.785,0.8,5.2,6.0,2.6,1.1,0.4,1.1,2.2,10.4,2019,2020
Jarrett Culver,SG,20,MIN,62,35,24.0,3.6,9.0,.401,1.0,3.5,.297,2.6,5.5,.468,.459,0.9,1.9,.461,1.1,2.3,3.4,1.7,0.9,0.6,1.3,2.0,9.2,2019,2020
Seth Curry,SG,29,DAL,59,20,24.5,4.5,9.0,.500,2.3,5.1,.453,2.2,3.9,.560,.628,1.3,1.5,.841,0.4,1.9,2.4,2.0,0.6,0.1,1.0,1.7,12.6,2019,2020
Stephen Curry,PG,31,GSW,5,5,27.8,6.6,16.4,.402,2.4,9.8,.245,4.2,6.6,.636,.476,5.2,5.2,1.000,0.8,4.4,5.2,6.6,1.0,0.4,3.2,2.2,20.8,2019,2020
Troy Daniels,SG,28,TOT,42,0,10.9,1.5,3.8,.390,1.0,2.7,.354,0.5,1.1,.478,.516,0.2,0.4,.625,0.3,0.8,1.1,0.3,0.2,0.1,0.2,0.7,4.1,2019,2020
Anthony Davis,PF,26,LAL,54,54,34.3,9.2,18.1,.512,1.1,3.4,.328,8.1,14.6,.555,.543,7.1,8.4,.845,2.3,7.2,9.4,3.1,1.5,2.5,2.5,2.5,26.7,2019,2020
Ed Davis,C,30,UTA,25,0,10.7,0.6,1.4,.412,0.0,0.0,,0.6,1.4,.412,.412,0.2,0.4,.455,1.2,2.6,3.8,0.3,0.4,0.4,0.5,2.2,1.3,2019,2020
Terence Davis,SG,22,TOR,64,2,17.0,2.8,6.1,.463,1.4,3.5,.396,1.5,2.6,.550,.575,0.7,0.8,.865,0.7,2.7,3.4,1.7,0.5,0.2,1.0,1.6,7.7,2019,2020
Dewayne Dedmon,C,30,TOT,43,17,17.4,2.3,5.7,.401,0.5,2.4,.212,1.8,3.3,.538,.445,0.7,0.8,.833,1.3,4.2,5.5,0.5,0.6,1.0,1.3,3.0,5.8,2019,2020
Matthew Dellavedova,PG,29,CLE,56,3,14.1,1.1,3.1,.343,0.3,1.6,.213,0.7,1.5,.482,.398,0.6,0.7,.865,0.3,1.0,1.3,3.1,0.3,0.0,1.0,1.4,3.0,2019,2020
DeMar DeRozan,SF,30,SAS,60,60,34.3,8.3,15.7,.528,0.1,0.5,.267,8.2,15.2,.536,.532,5.6,6.6,.844,0.6,5.0,5.7,5.5,1.0,0.2,2.4,2.7,22.3,2019,2020
Cheick Diallo,C,23,PHO,43,2,10.6,2.0,3.1,.644,0.0,0.0,.500,2.0,3.0,.646,.648,0.7,0.9,.865,0.6,2.2,2.8,0.5,0.2,0.3,0.7,1.2,4.7,2019,2020
Hamidou Diallo,SF,21,OKC,38,3,18.4,2.6,5.8,.452,0.2,0.9,.200,2.4,4.8,.500,.468,0.7,1.2,.622,0.8,2.4,3.2,0.6,0.7,0.2,1.0,2.2,6.1,2019,2020
Gorgui Dieng,C,30,TOT,57,17,17.5,2.7,6.0,.459,0.9,2.5,.355,1.9,3.5,.533,.532,1.1,1.5,.735,1.5,4.3,5.8,1.2,0.8,0.9,1.0,1.9,7.4,2019,2020
Spencer Dinwiddie,SG,26,BRK,63,48,31.2,6.6,15.9,.415,1.9,6.3,.308,4.7,9.7,.485,.476,5.4,7.0,.774,0.5,2.9,3.4,6.7,0.6,0.3,2.7,2.8,20.6,2019,2020
Donte DiVincenzo,SG,23,MIL,59,22,23.1,3.5,7.7,.462,1.3,3.7,.344,2.3,3.9,.576,.546,1.0,1.3,.769,1.0,3.9,4.9,2.3,1.4,0.3,1.2,1.6,9.4,2019,2020
Luka Dončić,PG,20,DAL,52,52,33.1,9.4,20.4,.460,2.8,9.0,.315,6.6,11.4,.575,.530,6.9,9.1,.755,1.3,8.1,9.4,8.7,1.1,0.2,4.2,2.5,28.5,2019,2020
Luguentz Dort,SG,20,OKC,29,21,22.0,2.2,5.4,.414,0.8,2.5,.301,1.5,2.9,.512,.484,1.0,1.2,.778,0.5,1.3,1.9,0.7,0.8,0.1,0.5,2.7,6.2,2019,2020
Damyean Dotson,SG,25,NYK,48,0,17.4,2.5,6.0,.414,1.2,3.4,.362,1.3,2.6,.480,.516,0.5,0.7,.667,0.2,1.7,1.9,1.2,0.5,0.1,0.4,0.9,6.7,2019,2020
Sekou Doumbouya,SF,19,DET,37,19,19.8,2.5,6.3,.392,0.8,2.6,.289,1.7,3.6,.467,.453,0.8,1.2,.674,0.5,2.6,3.2,0.5,0.5,0.2,0.9,2.1,6.5,2019,2020
PJ Dozier,PG,23,DEN,21,0,11.1,1.7,4.3,.396,0.3,1.3,.250,1.4,3.0,.460,.434,0.3,0.5,.636,0.2,1.2,1.4,1.4,0.3,0.2,0.5,1.3,4.1,2019,2020
Goran Dragić,PG,33,MIA,53,1,28.4,5.5,12.3,.442,2.2,5.8,.382,3.2,6.5,.496,.532,3.2,4.2,.768,0.5,2.6,3.0,5.1,0.6,0.2,2.4,1.9,16.3,2019,2020
Andre Drummond,C,26,TOT,56,55,32.9,7.3,13.8,.532,0.1,0.6,.143,7.2,13.1,.551,.536,2.9,5.1,.575,4.4,10.9,15.3,2.7,1.9,1.6,3.5,3.5,17.7,2019,2020
Jared Dudley,SF,34,LAL,40,1,7.8,0.5,1.3,.400,0.4,0.9,.471,0.1,0.4,.250,.560,0.1,0.1,1.000,0.1,1.0,1.1,0.5,0.3,0.1,0.2,0.9,1.5,2019,2020
Kris Dunn,PG,25,CHI,51,32,24.9,3.0,6.7,.444,0.6,2.2,.259,2.4,4.5,.535,.487,0.8,1.1,.741,0.5,3.2,3.6,3.4,2.0,0.3,1.3,3.1,7.3,2019,2020
Carsen Edwards,SG,21,BOS,35,0,9.0,1.1,3.2,.327,0.6,1.9,.309,0.5,1.3,.356,.420,0.3,0.4,.846,0.2,1.1,1.2,0.6,0.3,0.1,0.4,0.9,3.0,2019,2020
Henry Ellenson,PF,23,BRK,5,0,3.0,0.2,1.4,.143,0.0,0.8,.000,0.2,0.6,.333,.143,0.0,0.0,,0.4,0.8,1.2,0.2,0.0,0.0,0.0,0.2,0.4,2019,2020
Wayne Ellington,SG,32,NYK,34,1,15.7,1.7,4.9,.358,1.4,3.9,.358,0.3,0.9,.355,.503,0.3,0.4,.846,0.1,1.6,1.7,1.2,0.4,0.1,0.5,1.1,5.2,2019,2020
Joel Embiid,C,25,PHI,43,43,30.3,7.5,15.9,.472,1.3,3.7,.342,6.3,12.2,.511,.512,7.0,8.6,.814,2.7,9.0,11.8,3.1,0.9,1.3,3.0,3.4,23.3,2019,2020
James Ennis,SF,29,TOT,60,9,17.2,2.1,4.8,.434,0.8,2.3,.336,1.3,2.6,.523,.514,1.0,1.3,.803,1.0,2.3,3.3,0.9,0.5,0.3,0.7,1.8,6.0,2019,2020
Drew Eubanks,PF,22,SAS,13,3,9.5,1.6,2.2,.750,0.1,0.1,1.000,1.5,2.1,.741,.768,0.6,0.8,.727,0.6,2.0,2.6,0.2,0.1,0.4,0.7,1.6,3.9,2019,2020
Jacob Evans,SG,22,TOT,29,1,14.4,1.6,4.6,.336,0.4,1.3,.333,1.1,3.3,.337,.384,0.9,1.0,.862,0.3,1.1,1.4,1.1,0.4,0.4,0.9,1.4,4.4,2019,2020
Dante Exum,SG,24,TOT,35,1,13.9,1.6,3.4,.471,0.4,1.2,.349,1.2,2.2,.539,.534,0.9,1.2,.744,0.3,1.6,1.9,1.1,0.4,0.2,0.9,1.1,4.5,2019,2020
Tacko Fall,C,24,BOS,6,0,4.0,1.5,2.0,.750,0.0,0.0,,1.5,2.0,.750,.750,0.2,0.5,.333,0.0,1.8,1.8,0.0,0.0,0.3,0.5,0.8,3.2,2019,2020
Derrick Favors,C,28,NOP,45,43,24.2,4.2,6.8,.620,0.0,0.2,.143,4.2,6.6,.631,.621,0.8,1.4,.581,3.3,6.6,9.9,1.7,0.6,1.0,1.1,2.2,9.2,2019,2020
Cristiano Felício,PF,27,CHI,22,0,17.5,1.5,2.5,.630,0.0,0.1,.000,1.5,2.4,.654,.630,0.8,1.0,.783,2.5,2.1,4.6,0.7,0.5,0.1,0.8,1.5,3.9,2019,2020
Terrance Ferguson,SF,21,OKC,50,37,23.4,1.5,4.0,.372,0.9,3.1,.297,0.6,0.9,.636,.487,0.3,0.4,.789,0.5,1.0,1.5,0.9,0.5,0.3,0.6,2.9,4.2,2019,2020
Bruno Fernando,C,21,ATL,55,13,12.7,1.9,3.6,.520,0.1,0.7,.135,1.8,2.9,.610,.533,0.5,0.9,.580,1.2,2.4,3.6,0.9,0.3,0.3,0.8,1.9,4.3,2019,2020
Yogi Ferrell,PG,26,SAC,44,0,11.0,1.5,3.8,.396,0.4,1.6,.275,1.1,2.3,.480,.453,0.7,0.8,.865,0.1,1.0,1.1,1.3,0.3,0.1,0.6,0.7,4.2,2019,2020
Dorian Finney-Smith,PF,26,DAL,63,60,29.5,3.3,7.1,.465,1.5,4.1,.371,1.8,3.0,.596,.573,1.1,1.5,.722,2.0,3.6,5.5,1.5,0.7,0.6,1.0,2.4,9.2,2019,2020
Bryn Forbes,SG,26,SAS,62,61,25.1,3.9,9.3,.417,2.4,6.1,.388,1.5,3.2,.472,.544,1.2,1.4,.831,0.2,1.8,2.0,1.7,0.5,0.0,0.9,1.8,11.3,2019,2020
Evan Fournier,SG,27,ORL,61,61,31.7,6.7,14.2,.470,2.7,6.7,.406,4.0,7.6,.525,.564,2.8,3.4,.820,0.3,2.3,2.6,3.2,1.1,0.2,2.0,2.4,18.8,2019,2020
De'Aaron Fox,PG,22,SAC,45,43,31.7,7.3,15.4,.475,1.0,3.4,.307,6.3,12.0,.523,.509,4.8,6.8,.703,0.7,3.4,4.0,6.8,1.4,0.5,3.1,2.9,20.4,2019,2020
Melvin Frazier,SG,23,ORL,15,0,3.4,0.4,1.1,.353,0.3,0.5,.571,0.1,0.7,.200,.471,0.1,0.3,.500,0.1,0.2,0.3,0.1,0.3,0.1,0.2,0.5,1.2,2019,2020
Michael Frazier,SG,25,HOU,8,0,8.3,0.5,1.4,.364,0.3,1.0,.250,0.3,0.4,.667,.455,0.5,0.8,.667,0.1,0.3,0.4,0.1,0.3,0.0,0.3,1.6,1.8,2019,2020
Tim Frazier,PG,29,DET,27,11,13.1,1.3,3.5,.362,0.4,1.1,.333,0.9,2.4,.375,.415,0.7,0.9,.792,0.3,0.9,1.2,3.4,0.5,0.1,1.3,1.6,3.6,2019,2020
Markelle Fultz,PG,21,ORL,63,58,28.3,5.0,10.5,.476,0.5,1.8,.250,4.5,8.6,.524,.498,1.6,2.2,.727,0.5,2.8,3.3,5.2,1.3,0.2,2.1,2.0,12.0,2019,2020
Wenyen Gabriel,PF,22,TOT,27,1,7.7,0.7,1.7,.435,0.2,0.7,.300,0.5,1.0,.538,.500,0.5,0.7,.700,0.7,1.0,1.7,0.3,0.4,0.2,0.6,1.3,2.2,2019,2020
Daniel Gafford,C,21,CHI,42,7,14.0,2.2,3.1,.697,0.0,0.0,,2.2,3.1,.697,.697,0.7,1.4,.525,1.2,1.2,2.4,0.5,0.3,1.3,0.6,2.3,5.1,2019,2020
Danilo Gallinari,PF,31,OKC,55,55,30.7,6.0,13.6,.439,3.0,7.3,.409,3.0,6.3,.474,.549,4.3,4.8,.886,0.6,4.9,5.5,2.1,0.7,0.1,1.3,1.2,19.2,2019,2020
Langston Galloway,SG,28,DET,65,6,25.8,3.5,8.2,.434,2.0,5.0,.401,1.5,3.1,.488,.558,1.1,1.3,.859,0.5,1.8,2.3,1.5,0.7,0.2,0.6,1.5,10.2,2019,2020
Darius Garland,PG,20,CLE,59,59,30.9,4.7,11.8,.401,1.8,5.0,.355,3.0,6.8,.434,.476,1.1,1.2,.875,0.5,1.4,1.9,3.9,0.7,0.1,2.6,1.6,12.3,2019,2020
Marc Gasol,C,35,TOR,36,35,27.5,2.8,6.6,.419,1.4,3.5,.402,1.3,3.0,.440,.528,0.7,1.0,.722,0.8,5.5,6.3,3.4,0.8,0.9,1.2,2.8,7.6,2019,2020
Rudy Gay,PF,33,SAS,59,5,21.5,3.6,8.3,.439,1.0,3.1,.315,2.7,5.2,.511,.497,1.6,1.9,.874,0.9,4.4,5.4,1.7,0.4,0.5,1.3,1.5,9.9,2019,2020
Paul George,SF,29,LAC,41,41,29.2,7.0,16.1,.433,3.2,8.0,.399,3.8,8.2,.466,.531,4.0,4.5,.881,0.5,5.3,5.9,3.8,1.3,0.5,2.8,2.4,21.1,2019,2020
Taj Gibson,C,34,NYK,60,54,16.5,2.7,4.6,.576,0.1,0.2,.250,2.6,4.4,.591,.582,0.7,0.9,.722,1.8,2.5,4.4,0.9,0.4,0.4,0.8,2.0,6.0,2019,2020
Harry Giles,PF,21,SAC,38,17,15.2,3.1,5.4,.560,0.0,0.0,,3.1,5.4,.560,.560,0.9,1.1,.767,0.9,3.3,4.2,1.3,0.6,0.4,0.9,2.6,7.0,2019,2020
Shai Gilgeous-Alexander,SG,21,OKC,63,63,35.1,7.0,14.8,.473,1.2,3.5,.351,5.8,11.3,.511,.514,4.0,5.0,.801,0.7,5.4,6.1,3.3,1.1,0.7,1.9,1.7,19.3,2019,2020
Rudy Gobert,C,27,UTA,62,62,34.5,5.7,8.2,.698,0.0,0.0,,5.7,8.2,.698,.698,3.7,5.9,.621,3.4,10.3,13.7,1.5,0.8,2.0,1.9,3.2,15.1,2019,2020
Brandon Goodwin,PG,24,ATL,34,1,12.6,2.2,5.6,.400,0.8,2.6,.299,1.5,3.0,.485,.468,0.8,0.9,.933,0.3,1.8,2.1,1.5,0.4,0.1,0.9,1.3,6.1,2019,2020
Aaron Gordon,PF,24,ORL,57,57,33.0,5.5,12.6,.433,1.2,3.9,.304,4.3,8.7,.492,.481,2.4,3.5,.672,1.8,5.8,7.6,3.6,0.9,0.6,1.6,2.0,14.5,2019,2020
Eric Gordon,SG,31,HOU,33,13,28.6,4.8,12.8,.371,2.7,8.5,.323,2.0,4.4,.465,.478,2.2,3.0,.747,0.2,1.7,1.9,1.5,0.7,0.4,1.1,2.0,14.5,2019,2020
Devonte' Graham,PG,24,CHO,62,52,35.1,5.8,15.2,.378,3.4,9.3,.366,2.4,6.0,.397,.489,3.1,3.8,.820,0.7,2.7,3.4,7.5,1.0,0.2,2.8,1.9,18.0,2019,2020
Treveon Graham,SG,26,TOT,54,20,17.0,1.6,4.4,.357,0.6,2.2,.274,1.0,2.2,.438,.424,0.7,1.0,.643,0.9,1.8,2.7,0.8,0.4,0.1,0.5,1.8,4.4,2019,2020
Jerami Grant,PF,25,DEN,63,22,26.3,4.1,8.8,.469,1.4,3.4,.396,2.8,5.3,.516,.547,2.0,2.7,.743,0.8,2.7,3.6,1.3,0.7,0.8,0.9,2.2,11.6,2019,2020
Josh Gray,PG,26,NOP,2,0,11.5,0.5,1.0,.500,0.0,0.0,,0.5,1.0,.500,.500,0.0,0.0,,0.5,0.5,1.0,1.0,0.0,0.0,2.5,0.5,1.0,2019,2020
Danny Green,SG,32,LAL,60,60,25.0,2.9,7.0,.419,1.9,4.9,.376,1.1,2.1,.520,.551,0.5,0.7,.727,0.7,2.7,3.4,1.4,1.2,0.5,0.9,2.1,8.3,2019,2020
Draymond Green,PF,29,GSW,43,43,28.4,2.9,7.3,.389,0.8,3.0,.279,2.0,4.3,.465,.446,1.5,1.9,.759,0.5,5.7,6.2,6.2,1.4,0.8,2.3,2.6,8.0,2019,2020
JaMychal Green,PF,29,LAC,54,0,20.4,2.2,5.4,.408,1.3,3.7,.359,0.9,1.8,.510,.529,0.6,0.8,.727,1.4,4.9,6.3,0.8,0.5,0.4,0.8,2.6,6.4,2019,2020
Javonte Green,SF,26,BOS,44,1,9.4,1.1,2.2,.500,0.1,0.5,.261,1.0,1.7,.573,.531,0.5,0.8,.639,0.4,1.4,1.8,0.5,0.5,0.2,0.4,0.8,2.9,2019,2020
Jeff Green,PF,33,TOT,39,2,18.8,2.9,6.5,.451,1.2,3.4,.356,1.7,3.2,.553,.543,1.5,1.9,.781,0.6,2.3,2.8,0.8,0.5,0.4,0.9,1.6,8.6,2019,2020
Blake Griffin,PF,30,DET,18,18,28.4,4.9,13.9,.352,1.5,6.2,.243,3.4,7.7,.439,.406,4.2,5.4,.776,0.9,3.7,4.7,3.3,0.4,0.4,2.2,1.5,15.5,2019,2020
Marko Guduric,SG,24,MEM,42,0,11.3,1.5,3.7,.396,0.6,1.9,.309,0.9,1.7,.493,.477,0.5,0.6,.920,0.3,1.4,1.7,1.1,0.3,0.2,0.9,0.8,4.0,2019,2020
Kyle Guy,SG,22,SAC,2,0,2.0,0.5,1.0,.500,0.0,0.5,.000,0.5,0.5,1.000,.500,0.0,0.0,,0.0,0.0,0.0,0.0,0.0,0.0,0.0,0.0,1.0,2019,2020
Rui Hachimura,PF,21,WAS,40,40,29.7,5.4,11.3,.476,0.5,1.8,.278,4.9,9.5,.513,.498,2.2,2.7,.822,1.6,4.5,6.0,1.7,0.9,0.1,1.0,2.2,13.4,2019,2020
Devon Hall,SG,24,OKC,5,0,4.0,0.2,1.0,.200,0.0,0.4,.000,0.2,0.6,.333,.200,0.6,0.8,.750,0.0,0.2,0.2,0.6,0.0,0.0,0.2,0.2,1.0,2019,2020
Donta Hall,PF,22,DET,3,0,13.7,0.3,1.3,.250,0.0,0.0,,0.3,1.3,.250,.250,1.0,1.3,.750,1.7,2.0,3.7,0.7,0.3,0.3,0.7,1.7,1.7,2019,2020
Dusty Hannahs,SG,26,MEM,2,0,6.5,2.0,4.5,.444,1.0,1.5,.667,1.0,3.0,.333,.556,1.0,1.0,1.000,0.0,0.5,0.5,0.0,0.0,0.0,0.0,0.5,6.0,2019,2020
Tim Hardaway,SG,27,DAL,61,48,28.5,5.5,12.5,.439,2.9,7.1,.408,2.6,5.3,.482,.556,2.0,2.4,.810,0.4,2.7,3.0,2.0,0.6,0.1,1.0,1.7,15.8,2019,2020
James Harden,SG,30,HOU,60,60,36.8,9.9,22.8,.433,4.4,12.7,.350,5.4,10.1,.536,.530,10.2,11.8,.864,1.1,5.3,6.4,7.4,1.7,0.9,4.5,3.4,34.3,2019,2020
Maurice Harkless,SF,26,TOT,60,46,22.9,2.2,4.5,.502,0.6,1.6,.362,1.7,2.9,.578,.566,0.6,1.1,.587,0.9,3.0,3.9,1.0,1.0,0.6,0.9,2.4,5.7,2019,2020
Jared Harper,PG,22,PHO,3,0,2.7,0.3,1.3,.250,0.0,0.7,.000,0.3,0.7,.500,.250,0.0,0.0,,0.0,0.0,0.0,0.0,0.0,0.0,0.0,0.0,0.7,2019,2020
Montrezl Harrell,C,26,LAC,62,2,27.9,7.5,12.9,.581,0.0,0.3,.000,7.5,12.6,.594,.581,3.7,5.6,.656,2.6,4.5,7.1,1.7,0.6,1.2,1.7,2.4,18.7,2019,2020
Gary Harris,SG,25,DEN,55,54,31.9,3.9,9.3,.418,1.3,3.8,.333,2.7,5.6,.476,.485,1.3,1.6,.822,0.5,2.5,3.0,2.1,1.4,0.3,1.1,2.1,10.4,2019,2020
Joe Harris,SF,28,BRK,62,62,31.0,5.3,11.2,.469,2.4,5.9,.411,2.9,5.4,.533,.577,1.0,1.3,.747,1.0,3.4,4.3,2.1,0.6,0.3,1.5,2.2,14.0,2019,2020
Tobias Harris,PF,27,PHI,64,64,34.6,7.6,16.1,.474,1.8,4.9,.367,5.8,11.2,.521,.530,2.3,2.9,.802,0.8,5.9,6.8,3.1,0.8,0.5,1.5,2.3,19.4,2019,2020
Shaquille Harrison,SF,26,CHI,42,9,10.8,1.8,3.8,.468,0.4,1.0,.400,1.4,2.8,.492,.519,0.9,1.1,.771,0.4,1.4,1.8,1.1,0.8,0.4,0.5,1.2,4.8,2019,2020
Josh Hart,SF,24,NOP,57,14,27.4,3.5,8.4,.416,1.9,5.7,.342,1.6,2.7,.571,.531,1.2,1.6,.747,0.9,5.5,6.5,1.6,1.0,0.4,1.1,2.5,10.2,2019,2020
Isaiah Hartenstein,C,21,HOU,23,2,11.6,1.9,2.9,.657,0.0,0.2,.000,1.9,2.7,.710,.657,0.8,1.2,.679,1.3,2.7,3.9,0.8,0.4,0.5,0.7,1.8,4.7,2019,2020
Udonis Haslem,PF,39,MIA,3,0,7.0,0.3,2.0,.167,0.0,0.7,.000,0.3,1.3,.250,.167,1.0,1.3,.750,0.0,2.7,2.7,0.3,0.0,0.0,0.0,1.0,1.7,2019,2020
Jaxson Hayes,C,19,NOP,56,12,17.0,2.8,4.2,.660,0.0,0.1,.250,2.8,4.1,.667,.662,1.9,3.1,.630,1.5,2.5,4.0,0.9,0.4,0.9,0.7,2.5,7.5,2019,2020
Gordon Hayward,SF,29,BOS,44,44,33.3,6.7,13.4,.502,1.6,4.1,.390,5.1,9.2,.552,.562,2.0,2.4,.841,1.0,5.5,6.5,4.1,0.8,0.4,1.8,1.8,17.1,2019,2020
John Henson,PF,29,TOT,40,8,15.0,2.4,4.3,.556,0.2,0.9,.222,2.2,3.4,.644,.579,0.6,1.2,.500,1.2,2.9,4.1,1.4,0.6,1.1,0.9,2.0,5.5,2019,2020
Dewan Hernandez,C,23,TOR,4,0,2.8,0.3,1.3,.200,0.0,0.3,.000,0.3,1.0,.250,.200,0.5,0.5,1.000,0.5,1.3,1.8,0.0,0.3,0.0,0.3,1.5,1.0,2019,2020
Juan Hernangómez,PF,24,TOT,47,13,17.1,2.0,5.0,.400,0.9,2.6,.331,1.1,2.4,.474,.485,0.9,1.5,.609,0.9,3.1,4.0,0.9,0.4,0.2,0.7,1.3,5.7,2019,2020
Willy Hernangómez,C,25,CHO,31,0,12.1,2.4,4.5,.532,0.2,0.7,.227,2.2,3.8,.590,.550,1.2,1.9,.627,1.4,2.9,4.3,0.9,0.3,0.2,1.0,1.0,6.1,2019,2020
Tyler Herro,SG,20,MIA,46,6,27.7,4.8,11.5,.414,2.2,5.5,.393,2.6,6.0,.433,.508,1.4,1.7,.835,0.3,3.7,4.0,2.0,0.6,0.2,1.6,1.3,13.1,2019,2020
Kevin Hervey,PF,23,OKC,7,0,2.7,0.1,1.6,.091,0.0,1.1,.000,0.1,0.4,.333,.091,0.0,0.0,,0.0,0.3,0.3,0.1,0.0,0.0,0.0,0.1,0.3,2019,2020
Mario Hezonja,PF,24,POR,46,4,16.3,1.7,4.0,.419,0.4,1.3,.306,1.3,2.7,.476,.470,0.9,1.1,.824,0.5,2.9,3.4,0.9,0.6,0.2,0.7,2.0,4.7,2019,2020
Buddy Hield,SG,27,SAC,64,44,32.0,7.1,16.6,.429,3.8,9.7,.395,3.3,6.9,.477,.544,1.8,2.0,.855,0.9,3.9,4.8,3.1,0.9,0.3,2.3,2.3,19.8,2019,2020
George Hill,PG,33,MIL,52,0,21.2,3.4,6.5,.530,1.4,2.9,.480,2.0,3.5,.571,.638,1.3,1.6,.831,0.9,2.1,3.0,2.9,0.8,0.1,0.9,1.4,9.6,2019,2020
Solomon Hill,SF,28,TOT,53,3,18.3,1.9,4.6,.408,1.1,2.9,.381,0.8,1.7,.456,.529,0.6,0.8,.714,0.5,2.4,2.9,1.8,0.7,0.2,0.9,1.5,5.5,2019,2020
Jaylen Hoard,SF,20,POR,13,0,7.9,1.2,2.5,.469,0.0,0.2,.000,1.2,2.2,.517,.469,0.6,1.0,.615,1.1,1.4,2.5,0.3,0.4,0.0,0.3,0.9,2.9,2019,2020
Aaron Holiday,PG,23,IND,57,25,23.4,3.5,8.5,.411,1.4,3.5,.402,2.1,5.1,.417,.493,1.1,1.3,.861,0.4,1.9,2.3,3.3,0.8,0.2,1.3,1.8,9.5,2019,2020
Jrue Holiday,SG,29,NOP,55,55,34.9,7.7,16.9,.452,2.1,5.9,.357,5.6,11.1,.502,.514,2.2,3.1,.700,1.3,3.6,4.9,6.9,1.7,0.8,2.9,2.3,19.6,2019,2020
Justin Holiday,SG,30,IND,64,2,24.9,2.9,6.6,.440,1.9,4.4,.424,1.0,2.2,.472,.581,0.7,0.9,.780,0.5,2.7,3.2,1.4,1.2,0.6,0.6,1.8,8.4,2019,2020
Rondae Hollis-Jefferson,SF,25,TOR,52,5,19.2,2.7,5.7,.471,0.0,0.3,.118,2.6,5.3,.493,.475,1.8,2.5,.736,2.0,2.9,4.9,1.7,0.8,0.4,0.9,2.0,7.2,2019,2020
Richaun Holmes,C,26,SAC,39,33,28.8,5.4,8.2,.654,0.0,0.0,,5.4,8.2,.654,.654,2.1,2.6,.800,3.0,5.3,8.3,1.0,1.0,1.4,1.3,3.9,12.8,2019,2020
Rodney Hood,SF,27,POR,21,21,29.5,4.1,8.2,.506,1.7,3.4,.493,2.5,4.8,.515,.608,1.0,1.3,.778,0.5,3.0,3.4,1.5,0.8,0.2,0.9,2.2,11.0,2019,2020
Al Horford,C,33,PHI,59,56,30.8,4.8,10.9,.437,1.4,4.4,.329,3.3,6.5,.509,.503,0.9,1.2,.753,1.5,5.3,6.8,4.0,0.9,0.9,1.1,2.2,11.9,2019,2020
Talen Horton-Tucker,SG,19,LAL,2,0,2.5,0.0,0.5,.000,0.0,0.5,.000,0.0,0.0,,.000,0.0,0.0,,0.0,0.0,0.0,1.0,0.5,0.0,0.0,0.0,0.0,2019,2020
Danuel House,SF,26,HOU,57,46,30.3,3.6,8.4,.427,2.0,5.4,.365,1.6,2.9,.542,.545,1.2,1.5,.800,1.0,3.3,4.3,1.3,1.1,0.6,0.8,2.1,10.3,2019,2020
Dwight Howard,C,34,LAL,62,2,19.2,3.0,4.1,.732,0.0,0.1,.600,3.0,4.1,.734,.737,1.4,2.9,.494,2.5,4.9,7.4,0.7,0.4,1.2,1.2,3.2,7.5,2019,2020
William Howard,SG,26,HOU,2,0,6.5,0.0,2.0,.000,0.0,2.0,.000,0.0,0.0,,.000,0.0,0.0,,0.0,1.0,1.0,0.5,0.0,0.0,0.5,0.5,0.0,2019,2020
Kevin Huerter,SG,21,ATL,55,47,31.5,4.5,10.9,.413,2.3,6.0,.385,2.2,4.9,.446,.518,1.0,1.2,.828,0.6,3.5,4.1,3.7,0.9,0.5,1.6,2.5,12.3,2019,2020
De'Andre Hunter,SF,22,ATL,62,61,32.0,4.4,10.8,.410,1.7,4.8,.351,2.7,6.0,.457,.488,1.7,2.3,.761,0.7,3.8,4.5,1.8,0.7,0.3,1.6,2.9,12.3,2019,2020
Chandler Hutchison,SF,23,CHI,28,10,18.8,2.9,6.3,.457,0.4,1.4,.316,2.4,4.9,.496,.491,1.6,2.8,.590,0.6,3.2,3.9,0.9,1.0,0.3,1.0,1.7,7.8,2019,2020
Serge Ibaka,C,30,TOR,50,27,27.5,6.5,12.5,.518,1.3,3.3,.398,5.1,9.1,.562,.571,1.8,2.4,.748,2.1,6.2,8.3,1.5,0.5,0.8,2.0,2.8,16.0,2019,2020
Andre Iguodala,SG,36,MIA,13,0,18.6,1.8,3.8,.480,0.6,1.8,.348,1.2,2.1,.593,.560,0.2,0.6,.250,0.8,3.1,3.8,1.8,0.5,1.2,1.2,2.0,4.5,2019,2020
Ersan İlyasova,PF,32,MIL,56,8,16.0,2.4,5.2,.472,0.8,2.2,.371,1.6,3.0,.548,.552,1.1,1.3,.827,1.1,3.9,4.9,0.8,0.4,0.3,0.6,1.6,6.8,2019,2020
Joe Ingles,SF,32,UTA,64,37,29.9,3.4,7.7,.441,1.9,4.8,.397,1.5,2.9,.516,.566,1.0,1.3,.774,0.4,3.6,4.0,5.2,0.9,0.1,1.9,2.1,9.8,2019,2020
Brandon Ingram,PF,22,NOP,56,56,34.3,8.4,18.0,.466,2.4,6.3,.387,5.9,11.6,.509,.534,5.1,5.9,.858,0.9,5.4,6.3,4.3,1.0,0.7,3.1,2.9,24.3,2019,2020
Kyrie Irving,PG,27,BRK,20,20,32.9,10.0,20.8,.478,2.8,7.1,.394,7.2,13.7,.522,.546,4.7,5.1,.922,1.1,4.1,5.2,6.4,1.4,0.5,2.6,2.7,27.4,2019,2020
Jonathan Isaac,SF,22,ORL,32,32,29.7,4.7,10.1,.463,0.9,2.8,.330,3.7,7.2,.515,.509,1.8,2.3,.767,1.8,5.2,6.9,1.4,1.6,2.4,1.5,2.5,12.0,2019,2020
Wesley Iwundu,SF,25,ORL,44,17,18.0,1.7,4.3,.393,0.5,1.5,.308,1.3,2.9,.437,.445,1.4,1.7,.811,0.5,2.0,2.5,1.0,0.6,0.3,0.4,1.4,5.2,2019,2020
Frank Jackson,PG,21,NOP,51,1,12.9,1.9,5.0,.385,0.8,2.4,.325,1.2,2.7,.438,.461,0.9,1.3,.750,0.4,1.0,1.4,0.8,0.3,0.1,0.8,1.3,5.6,2019,2020
Jaren Jackson,C,20,MEM,54,54,28.0,6.1,13.0,.468,2.5,6.3,.397,3.6,6.7,.535,.564,2.3,3.1,.741,1.0,3.7,4.7,1.4,0.7,1.6,1.7,4.1,16.9,2019,2020
Josh Jackson,SG,22,MEM,17,0,19.8,3.6,8.6,.422,1.2,4.1,.304,2.4,4.6,.526,.493,1.6,2.4,.683,0.6,2.7,3.4,1.6,1.0,0.5,1.2,2.0,10.2,2019,2020
Justin Jackson,PF,24,DAL,56,2,16.1,2.2,5.4,.403,0.8,2.6,.304,1.4,2.8,.497,.477,0.6,0.8,.818,0.5,2.0,2.5,0.8,0.2,0.2,0.2,1.0,5.8,2019,2020
Reggie Jackson,PG,29,TOT,22,11,24.4,4.6,11.4,.404,1.9,5.0,.385,2.7,6.4,.418,.488,1.5,1.9,.810,0.7,2.4,3.0,4.4,0.5,0.2,1.7,1.8,12.6,2019,2020
Justin James,SG,23,SAC,34,0,6.4,1.0,2.3,.423,0.3,0.8,.346,0.7,1.5,.462,.481,0.3,0.6,.476,0.2,0.7,0.9,0.5,0.2,0.3,0.2,0.5,2.5,2019,2020
LeBron James,PG,35,LAL,59,59,34.9,9.7,19.6,.497,2.2,6.3,.347,7.5,13.3,.569,.553,4.0,5.7,.704,1.0,6.8,7.8,10.6,1.2,0.5,4.0,1.8,25.7,2019,2020
Amile Jefferson,PF,26,ORL,18,0,4.1,0.3,0.8,.357,0.0,0.0,,0.3,0.8,.357,.357,0.3,0.8,.357,0.6,0.7,1.3,0.2,0.1,0.2,0.2,0.4,0.8,2019,2020
DaQuan Jeffries,SG,22,SAC,6,0,3.2,0.5,1.2,.429,0.2,0.7,.250,0.3,0.5,.667,.500,0.0,0.0,,0.2,0.0,0.2,0.2,0.2,0.0,0.0,0.5,1.2,2019,2020
Ty Jerome,PG,22,PHO,27,0,11.1,1.4,3.8,.359,0.5,1.7,.289,0.9,2.1,.414,.422,0.4,0.5,.786,0.2,1.3,1.5,1.6,0.5,0.1,0.7,1.0,3.6,2019,2020
Alize Johnson,SF,23,IND,13,0,4.2,0.5,1.2,.467,0.0,0.0,,0.5,1.2,.467,.467,0.3,0.5,.667,0.5,0.8,1.4,0.2,0.0,0.0,0.2,0.5,1.4,2019,2020
B.J. Johnson,SF,24,ORL,8,0,5.8,0.6,2.3,.278,0.1,0.8,.167,0.5,1.5,.333,.306,0.3,0.3,1.000,0.1,0.6,0.8,0.3,0.3,0.0,0.4,0.0,1.6,2019,2020
Cameron Johnson,PF,23,PHO,49,1,20.3,2.8,6.6,.418,1.9,4.7,.397,0.9,2.0,.469,.558,0.7,0.9,.761,0.8,2.1,2.9,1.1,0.6,0.3,0.6,1.5,8.1,2019,2020
James Johnson,PF,32,TOT,31,1,19.2,3.1,6.5,.478,1.0,2.8,.356,2.1,3.7,.570,.555,1.0,1.5,.646,0.7,2.9,3.6,2.3,0.7,1.0,1.5,2.5,8.2,2019,2020
Keldon Johnson,SF,20,SAS,8,0,9.9,1.9,3.5,.536,0.3,0.6,.400,1.6,2.9,.565,.571,0.9,1.3,.700,0.4,1.5,1.9,0.6,0.5,0.1,0.4,0.9,4.9,2019,2020
Stanley Johnson,PF,23,TOR,20,0,4.8,0.4,1.6,.258,0.1,0.7,.154,0.3,0.9,.333,.290,0.3,0.3,.833,0.2,1.0,1.1,0.4,0.2,0.1,0.4,0.5,1.2,2019,2020
Tyler Johnson,SG,27,PHO,31,3,16.6,2.1,5.5,.380,0.8,2.7,.289,1.3,2.8,.466,.450,0.8,1.0,.750,0.3,1.4,1.7,1.6,0.4,0.3,0.8,1.4,5.7,2019,2020
Nikola Jokić,C,24,DEN,64,64,32.3,7.9,15.0,.527,1.1,3.5,.317,6.8,11.5,.590,.564,3.4,4.2,.813,2.4,7.8,10.2,6.8,1.2,0.7,3.1,3.1,20.3,2019,2020
Damian Jones,C,24,ATL,55,27,16.1,2.2,3.2,.680,0.0,0.2,.222,2.2,3.1,.704,.685,1.1,1.5,.738,1.3,2.4,3.7,0.6,0.5,0.7,0.5,2.7,5.6,2019,2020
Derrick Jones,SF,22,MIA,50,14,24.4,3.1,6.2,.503,0.6,2.4,.256,2.5,3.8,.661,.553,1.8,2.3,.779,1.1,3.1,4.2,1.1,1.1,0.7,0.5,2.3,8.6,2019,2020
Tyus Jones,PG,23,MEM,64,6,18.9,3.0,6.6,.463,0.7,1.9,.383,2.3,4.7,.495,.518,0.6,0.8,.736,0.1,1.5,1.6,4.4,0.9,0.1,0.8,0.7,7.4,2019,2020
DeAndre Jordan,C,31,BRK,55,5,21.9,3.4,5.1,.668,0.0,0.0,,3.4,5.1,.668,.668,1.5,2.2,.692,2.5,7.5,10.0,1.9,0.3,0.9,1.3,2.0,8.3,2019,2020
Cory Joseph,PG,28,SAC,64,22,24.0,2.4,5.8,.420,0.7,2.1,.351,1.7,3.7,.460,.484,0.8,0.9,.828,0.6,2.0,2.5,3.4,0.7,0.3,1.0,1.9,6.3,2019,2020
Mfiondu Kabengele,C,22,LAC,12,0,5.3,1.2,2.7,.438,0.8,1.7,.450,0.4,1.0,.417,.578,0.4,0.4,1.000,0.1,0.8,0.9,0.2,0.2,0.2,0.2,0.8,3.5,2019,2020
Frank Kaminsky,C,26,PHO,32,13,22.4,4.0,8.7,.455,1.2,3.5,.348,2.8,5.2,.527,.525,1.8,2.8,.670,0.9,4.0,4.9,2.2,0.4,0.3,1.0,2.2,11.0,2019,2020
Enes Kanter,C,27,BOS,50,6,17.5,3.5,6.2,.568,0.0,0.1,.143,3.5,6.0,.578,.570,1.3,1.8,.716,2.8,5.0,7.7,1.0,0.4,0.7,1.0,1.7,8.3,2019,2020
Luke Kennard,SG,23,DET,28,25,32.9,5.4,12.2,.442,2.6,6.5,.399,2.8,5.7,.491,.548,2.4,2.7,.893,0.3,3.2,3.5,4.1,0.4,0.2,1.5,2.3,15.8,2019,2020
Stanton Kidd,SF,27,UTA,4,0,3.8,0.0,0.8,.000,0.0,0.3,.000,0.0,0.5,.000,.000,0.0,0.0,,0.0,0.8,0.8,0.3,0.0,0.0,0.5,0.8,0.0,2019,2020
Michael Kidd-Gilchrist,PF-SF,26,TOT,21,0,11.0,0.9,2.9,.317,0.2,1.0,.250,0.7,1.9,.350,.358,0.4,0.5,.818,0.6,2.0,2.6,0.6,0.1,0.2,0.6,1.5,2.5,2019,2020
Louis King,SF,20,DET,10,0,6.2,0.8,2.1,.381,0.4,1.1,.364,0.4,1.0,.400,.476,0.0,0.3,.000,0.1,0.9,1.0,0.5,0.2,0.0,0.2,1.0,2.0,2019,2020
Maxi Kleber,C,28,DAL,64,20,25.4,3.2,6.9,.457,1.6,4.3,.375,1.6,2.7,.587,.572,1.1,1.3,.863,1.5,3.9,5.4,1.1,0.3,1.2,0.7,2.3,9.0,2019,2020
Brandon Knight,PG,28,TOT,24,2,17.9,2.4,6.7,.363,1.8,5.2,.352,0.6,1.5,.400,.500,0.7,1.2,.586,0.1,1.4,1.5,2.6,0.4,0.1,1.5,1.5,7.4,2019,2020
Kevin Knox,SF,20,NYK,63,4,18.1,2.2,6.2,.359,1.0,3.1,.318,1.3,3.1,.399,.438,1.0,1.5,.649,0.4,2.4,2.8,0.9,0.3,0.4,0.7,1.6,6.5,2019,2020
John Konchar,SG,23,MEM,14,0,11.3,1.6,2.4,.647,0.3,0.6,.444,1.3,1.8,.720,.706,0.1,0.1,.500,1.3,2.0,3.3,1.4,0.5,0.2,0.4,0.4,3.5,2019,2020
Furkan Korkmaz,SG,22,PHI,63,12,21.9,3.4,8.0,.428,2.0,5.0,.393,1.5,3.1,.485,.549,0.8,1.1,.731,0.3,2.0,2.3,1.1,0.6,0.2,0.8,1.4,9.6,2019,2020
Luke Kornet,C,24,CHI,36,14,15.5,2.3,5.2,.439,0.9,3.0,.287,1.4,2.2,.646,.521,0.6,0.8,.714,0.6,1.7,2.3,0.9,0.3,0.7,0.4,1.5,6.0,2019,2020
Kyle Korver,SF,38,MIL,50,0,16.7,2.2,5.2,.429,1.7,4.1,.415,0.5,1.0,.481,.595,0.6,0.7,.824,0.3,1.8,2.1,1.2,0.4,0.2,0.8,1.4,6.7,2019,2020
Rodions Kurucs,PF,21,BRK,39,4,12.8,1.5,3.4,.448,0.6,1.7,.385,0.9,1.8,.507,.541,0.4,0.7,.607,0.5,2.0,2.5,0.8,0.4,0.1,0.9,1.7,4.2,2019,2020
Kyle Kuzma,PF,24,LAL,53,7,24.6,4.7,10.9,.428,1.3,4.4,.299,3.4,6.5,.516,.489,1.8,2.4,.734,0.9,3.6,4.5,1.3,0.4,0.4,1.5,1.9,12.5,2019,2020
Skal Labissière,C,23,POR,33,1,17.2,2.5,4.5,.551,0.1,0.4,.231,2.4,4.1,.582,.561,0.8,1.0,.758,2.0,3.2,5.1,1.3,0.2,0.9,0.9,2.7,5.8,2019,2020
Jeremy Lamb,SG,27,IND,46,42,28.1,4.7,10.4,.451,1.2,3.4,.335,3.5,7.0,.508,.506,2.0,2.4,.836,0.5,3.8,4.3,2.1,1.2,0.5,1.1,2.3,12.5,2019,2020
Romeo Langford,SG,20,BOS,26,1,11.1,0.9,2.3,.400,0.2,0.8,.227,0.7,1.5,.500,.442,0.6,0.9,.696,0.5,0.7,1.2,0.2,0.3,0.2,0.3,1.1,2.7,2019,2020
Zach LaVine,SG,24,CHI,60,60,34.8,9.0,20.0,.450,3.1,8.1,.380,5.9,11.9,.497,.526,4.5,5.6,.802,0.7,4.1,4.8,4.2,1.5,0.5,3.4,2.2,25.5,2019,2020
Vic Law,SF,24,ORL,5,0,1.8,0.0,0.6,.000,0.0,0.2,.000,0.0,0.4,.000,.000,0.0,0.4,.000,0.0,0.2,0.2,0.0,0.0,0.0,0.0,0.0,0.0,2019,2020
Jake Layman,PF,25,MIN,22,2,22.2,3.5,7.9,.448,1.0,3.2,.329,2.5,4.7,.529,.514,1.0,1.4,.733,0.6,1.8,2.5,0.7,0.8,0.5,1.0,1.9,9.1,2019,2020
T.J. Leaf,PF,22,IND,25,1,7.7,1.2,2.8,.435,0.2,0.6,.357,1.0,2.2,.455,.471,0.3,0.5,.583,0.8,1.7,2.6,0.2,0.3,0.1,0.3,0.7,2.9,2019,2020
Jalen Lecque,PG,19,PHO,4,0,6.5,1.0,2.5,.400,0.0,1.0,.000,1.0,1.5,.667,.400,0.5,0.5,1.000,0.0,0.0,0.0,0.5,0.0,0.0,0.3,0.5,2.5,2019,2020
Courtney Lee,SG,34,DAL,22,7,13.8,1.7,3.4,.493,0.9,2.1,.435,0.8,1.3,.586,.627,0.2,0.2,.800,0.3,1.1,1.4,0.5,0.7,0.2,0.5,1.4,4.5,2019,2020
Damion Lee,SG,27,GSW,48,35,29.0,4.4,10.5,.418,1.7,4.9,.355,2.7,5.6,.472,.500,2.3,2.6,.871,0.7,4.2,4.9,2.7,1.0,0.1,1.4,2.4,12.8,2019,2020
Alex Len,C,26,TOT,49,9,18.3,3.4,6.2,.556,0.3,1.1,.250,3.1,5.0,.626,.579,1.2,1.9,.637,1.9,4.1,6.0,1.0,0.4,0.9,1.0,2.3,8.3,2019,2020
Kawhi Leonard,SF,28,LAC,50,50,32.4,9.3,20.0,.466,2.1,5.7,.366,7.2,14.3,.506,.518,6.2,6.9,.888,1.0,6.3,7.4,5.0,1.8,0.6,2.8,1.9,26.9,2019,2020
Meyers Leonard,C,27,MIA,49,49,20.1,2.4,4.6,.520,1.0,2.4,.429,1.3,2.1,.625,.635,0.3,0.5,.654,0.6,4.5,5.1,1.1,0.3,0.3,0.7,2.1,6.1,2019,2020
Caris LeVert,SG,25,BRK,38,24,28.8,6.4,15.5,.414,1.8,4.8,.381,4.6,10.7,.429,.473,3.0,4.1,.720,1.0,3.0,4.0,4.1,1.1,0.2,2.6,1.9,17.6,2019,2020
Damian Lillard,PG,29,POR,57,57,36.8,9.2,20.1,.457,3.9,9.9,.393,5.3,10.2,.519,.553,6.8,7.6,.887,0.5,3.8,4.3,7.8,1.0,0.3,2.9,1.7,29.0,2019,2020
Nassir Little,PF,19,POR,47,5,12.1,1.4,3.2,.436,0.3,1.2,.241,1.1,1.9,.560,.483,0.6,0.9,.619,0.7,1.6,2.3,0.5,0.3,0.3,0.3,1.5,3.6,2019,2020
Kevon Looney,C,23,GSW,20,4,13.1,1.5,4.0,.367,0.1,0.7,.071,1.4,3.3,.431,.373,0.5,0.6,.750,1.4,1.9,3.3,1.0,0.6,0.3,0.6,1.7,3.4,2019,2020
Brook Lopez,C,31,MIL,61,60,26.6,4.0,9.4,.427,1.4,4.7,.296,2.6,4.7,.557,.501,1.6,2.0,.810,0.7,3.8,4.5,1.6,0.7,2.4,1.0,2.4,11.0,2019,2020
Robin Lopez,C,31,MIL,60,4,14.4,2.3,4.6,.502,0.6,1.6,.344,1.7,3.0,.588,.562,0.4,0.7,.535,0.9,1.6,2.4,0.7,0.2,0.7,0.9,1.3,5.5,2019,2020
Kevin Love,PF,31,CLE,55,55,31.7,5.9,12.9,.453,2.6,6.9,.382,3.2,6.1,.533,.554,3.3,3.9,.850,1.0,8.8,9.8,3.1,0.6,0.3,2.5,1.6,17.6,2019,2020
Kyle Lowry,PG,33,TOR,52,52,36.6,5.9,14.3,.417,2.9,8.3,.354,3.0,5.9,.505,.520,4.9,5.7,.861,0.6,4.3,4.8,7.7,1.3,0.4,3.0,3.2,19.7,2019,2020
Timothé Luwawu-Cabarrot,SG,24,BRK,38,0,17.0,1.9,4.7,.408,1.0,2.7,.363,0.9,2.0,.468,.511,1.3,1.6,.836,0.6,1.7,2.3,0.6,0.4,0.2,0.8,2.1,6.2,2019,2020
Trey Lyles,PF,24,SAS,62,52,20.0,2.4,5.4,.443,1.0,2.6,.379,1.4,2.8,.503,.534,0.5,0.7,.733,1.1,4.5,5.6,1.1,0.4,0.4,0.6,1.5,6.3,2019,2020
Daryl Macon,SG,24,MIA,4,0,3.5,0.3,0.8,.333,0.3,0.5,.500,0.0,0.3,.000,.500,0.0,0.0,,0.0,0.0,0.0,0.3,0.0,0.0,0.5,0.3,0.8,2019,2020
J.P. Macura,SG,24,CLE,1,0,1.0,0.0,0.0,,0.0,0.0,,0.0,0.0,,,0.0,0.0,,0.0,0.0,0.0,0.0,0.0,0.0,0.0,0.0,0.0,2019,2020
Josh Magette,PG,30,ORL,8,0,4.8,0.6,1.9,.333,0.1,0.5,.250,0.5,1.4,.364,.367,0.1,0.3,.500,0.1,0.6,0.8,0.6,0.4,0.1,0.6,0.5,1.5,2019,2020
Ian Mahinmi,C,33,WAS,38,35,21.3,2.7,5.5,.495,0.1,0.7,.192,2.6,4.8,.538,.507,1.8,3.0,.619,2.1,3.7,5.7,1.3,0.8,1.2,1.2,3.0,7.4,2019,2020
Thon Maker,C,22,DET,59,13,12.9,1.5,3.1,.478,0.3,1.0,.333,1.2,2.1,.548,.533,1.2,1.8,.667,0.9,1.9,2.8,0.7,0.4,0.6,0.8,1.7,4.5,2019,2020
Terance Mann,SG,23,LAC,35,6,7.7,0.6,1.5,.407,0.1,0.3,.250,0.5,1.2,.452,.435,0.3,0.3,.750,0.1,0.8,0.9,1.1,0.2,0.1,0.4,1.0,1.6,2019,2020
Boban Marjanović,C,31,DAL,35,1,8.5,2.3,4.2,.558,0.1,0.4,.267,2.2,3.8,.591,.571,0.8,1.1,.744,1.3,2.6,3.9,0.3,0.1,0.2,0.7,1.3,5.6,2019,2020
Lauri Markkanen,PF,22,CHI,49,49,29.9,5.0,11.8,.424,2.2,6.3,.344,2.8,5.5,.515,.516,2.6,3.1,.824,1.2,5.1,6.3,1.5,0.8,0.5,1.6,1.9,14.7,2019,2020
Caleb Martin,SF,24,CHO,17,1,16.6,1.9,4.2,.458,1.0,1.8,.548,0.9,2.4,.390,.576,0.5,0.8,.692,0.5,1.3,1.8,1.2,0.5,0.4,0.8,1.9,5.4,2019,2020
Cody Martin,SF,24,CHO,47,2,18.5,1.8,4.3,.426,0.4,1.6,.237,1.4,2.7,.540,.470,0.9,1.4,.646,0.8,2.4,3.2,2.0,0.8,0.2,0.9,1.6,4.9,2019,2020
Jeremiah Martin,PG,23,BRK,3,0,5.3,0.3,1.7,.200,0.0,0.3,.000,0.3,1.3,.250,.200,0.0,0.0,,0.0,0.7,0.7,0.7,0.3,0.3,0.0,0.0,0.7,2019,2020
Kelan Martin,SF,24,MIN,31,4,16.0,2.3,5.8,.392,0.8,3.1,.260,1.5,2.7,.541,.461,1.0,1.0,.968,0.4,2.7,3.1,0.7,0.2,0.3,0.6,1.6,6.4,2019,2020
Frank Mason,PG,25,MIL,6,0,8.8,0.8,3.2,.263,0.3,1.7,.200,0.5,1.5,.333,.316,0.3,0.7,.500,0.5,0.8,1.3,1.8,0.3,0.0,1.0,0.7,2.3,2019,2020
Garrison Mathews,SG,23,WAS,17,0,12.9,1.4,3.1,.434,1.1,2.6,.409,0.3,0.5,.556,.604,1.7,1.9,.906,0.4,1.1,1.4,0.6,0.5,0.1,0.5,1.8,5.5,2019,2020
Wesley Matthews,SG,33,MIL,62,62,24.7,2.6,6.5,.397,1.6,4.5,.365,0.9,2.0,.468,.522,0.8,1.0,.762,0.3,2.2,2.6,1.5,0.6,0.1,0.7,1.5,7.5,2019,2020
Patrick McCaw,SF,24,TOR,37,12,24.5,1.8,4.4,.414,0.6,1.9,.324,1.2,2.5,.484,.485,0.4,0.5,.722,0.5,1.8,2.3,2.1,1.1,0.1,0.8,1.6,4.6,2019,2020
CJ McCollum,SG,28,POR,61,61,36.0,8.9,19.5,.453,2.8,7.4,.381,6.0,12.1,.497,.525,2.0,2.7,.747,0.7,3.4,4.1,4.3,0.7,0.6,1.9,2.6,22.5,2019,2020
T.J. McConnell,PG,27,IND,62,3,18.9,3.0,5.8,.518,0.1,0.2,.333,2.9,5.5,.526,.525,0.5,0.6,.833,0.5,2.1,2.6,5.0,0.7,0.2,1.4,1.1,6.6,2019,2020
Jalen McDaniels,PF,22,CHO,15,0,17.6,2.1,4.5,.478,0.5,1.5,.348,1.6,2.9,.545,.537,0.8,1.0,.800,1.0,2.9,3.9,0.7,0.5,0.2,0.5,2.3,5.6,2019,2020
Doug McDermott,PF,28,IND,62,0,20.0,3.9,7.9,.491,1.9,4.3,.445,2.0,3.6,.544,.611,0.7,0.8,.827,0.4,2.1,2.5,1.1,0.1,0.1,0.6,1.7,10.4,2019,2020
JaVale McGee,C,32,LAL,60,60,16.8,3.0,4.6,.644,0.1,0.1,.500,2.9,4.5,.647,.649,0.8,1.3,.653,1.8,4.0,5.9,0.6,0.5,1.5,0.8,2.4,6.8,2019,2020
Rodney McGruder,SG,28,LAC,49,3,14.9,1.2,3.1,.395,0.4,1.6,.286,0.8,1.5,.507,.467,0.3,0.5,.500,0.5,2.0,2.5,0.6,0.4,0.2,0.4,1.3,3.2,2019,2020
Alfonzo McKinnie,SF,27,CLE,39,1,14.6,1.8,4.2,.433,0.4,1.6,.222,1.5,2.6,.564,.476,0.5,0.7,.690,0.9,1.9,2.8,0.4,0.6,0.2,0.6,1.8,4.5,2019,2020
Jordan McLaughlin,PG,23,MIN,29,2,19.7,2.9,6.0,.489,1.0,2.6,.387,1.9,3.4,.566,.572,0.9,1.3,.676,0.2,1.4,1.6,4.2,1.2,0.1,1.1,1.1,7.7,2019,2020
Ben McLemore,SG,26,HOU,62,19,23.0,3.3,7.5,.442,2.5,6.3,.392,0.9,1.3,.688,.605,0.8,1.0,.758,0.3,1.9,2.2,0.9,0.6,0.2,0.7,2.1,9.9,2019,2020
Jordan McRae,SG,28,TOT,36,4,21.0,4.0,9.8,.411,1.3,3.4,.366,2.8,6.4,.435,.475,2.3,3.0,.757,0.5,2.8,3.3,2.5,0.6,0.4,1.2,2.0,11.6,2019,2020
Nicolò Melli,C,29,NOP,52,6,17.1,2.4,5.3,.442,1.3,3.5,.361,1.1,1.9,.592,.559,0.8,1.2,.733,0.7,2.3,3.0,1.3,0.6,0.4,0.8,2.0,6.8,2019,2020
De'Anthony Melton,PG,21,MEM,51,7,19.3,2.8,6.7,.423,0.7,2.2,.324,2.1,4.5,.470,.475,1.7,2.1,.821,0.7,3.0,3.6,3.0,1.3,0.3,1.5,1.8,8.1,2019,2020
Chimezie Metu,PF,22,SAS,16,0,4.6,1.3,2.2,.571,0.0,0.1,.000,1.3,2.1,.588,.571,0.4,0.5,.750,0.6,1.0,1.6,0.4,0.1,0.3,0.3,0.3,2.9,2019,2020
Khris Middleton,SF,28,MIL,55,52,30.1,7.7,15.5,.499,2.4,5.8,.418,5.3,9.7,.547,.577,3.2,3.6,.908,0.7,5.5,6.2,4.1,0.9,0.1,2.1,2.2,21.1,2019,2020
Eric Mika,PF,25,SAC,1,0,19.0,2.0,3.0,.667,0.0,0.0,,2.0,3.0,.667,.667,2.0,2.0,1.000,2.0,5.0,7.0,0.0,0.0,0.0,0.0,5.0,6.0,2019,2020
C.J. Miles,SG,32,WAS,10,0,16.1,1.9,5.9,.322,1.1,3.5,.314,0.8,2.4,.333,.415,1.5,2.0,.750,0.4,0.8,1.2,1.2,1.0,0.4,0.4,1.4,6.4,2019,2020
Malcolm Miller,SF,26,TOR,25,1,5.0,0.3,1.0,.333,0.2,0.8,.316,0.1,0.2,.400,.458,0.0,0.2,.167,0.0,0.5,0.6,0.3,0.2,0.1,0.1,0.5,0.9,2019,2020
Patty Mills,PG,31,SAS,62,1,22.8,3.9,9.2,.424,2.4,6.2,.377,1.5,3.0,.522,.552,1.5,1.7,.861,0.3,1.3,1.6,1.8,0.8,0.1,0.8,1.5,11.7,2019,2020
Paul Millsap,PF,34,DEN,43,40,24.2,4.3,8.7,.487,1.1,2.4,.442,3.2,6.3,.504,.548,2.4,2.9,.840,2.0,3.9,5.9,1.6,0.9,0.6,1.4,2.9,12.0,2019,2020
Shake Milton,SG,23,PHI,31,15,18.8,3.3,6.6,.500,1.5,3.3,.461,1.8,3.4,.538,.614,1.2,1.6,.776,0.4,1.8,2.2,2.2,0.6,0.2,1.2,2.1,9.4,2019,2020
Donovan Mitchell,SG,23,UTA,63,63,34.4,8.9,19.6,.453,2.5,6.8,.364,6.4,12.8,.501,.517,4.0,4.6,.859,0.7,3.7,4.4,4.2,1.0,0.2,2.7,2.4,24.2,2019,2020
Naz Mitrou-Long,SG,26,IND,3,0,14.3,2.0,5.3,.375,0.7,3.7,.182,1.3,1.7,.800,.438,0.0,0.0,,0.0,2.0,2.0,2.3,0.3,0.3,0.7,0.3,4.7,2019,2020
Adam Mokoka,SG,21,CHI,11,0,10.2,1.1,2.5,.429,0.5,1.4,.400,0.5,1.2,.462,.536,0.2,0.4,.500,0.6,0.3,0.9,0.4,0.4,0.0,0.2,1.5,2.9,2019,2020
Malik Monk,SG,21,CHO,55,1,21.3,3.9,8.9,.434,1.1,3.7,.284,2.8,5.2,.542,.494,1.5,1.8,.820,0.5,2.4,2.9,2.1,0.5,0.3,1.4,1.3,10.3,2019,2020
Matt Mooney,SG,22,CLE,3,0,2.0,0.3,0.7,.500,0.0,0.3,.000,0.3,0.3,1.000,.500,0.0,0.0,,0.0,0.3,0.3,0.3,0.3,0.3,0.0,0.3,0.7,2019,2020
E'Twaun Moore,SG,30,NOP,51,5,18.8,3.4,8.0,.424,1.2,3.1,.375,2.2,4.9,.456,.498,0.6,0.8,.674,0.6,1.8,2.4,1.4,0.5,0.2,0.7,1.5,8.6,2019,2020
Ja Morant,PG,20,MEM,58,58,29.9,6.7,13.5,.492,0.9,2.3,.373,5.8,11.2,.517,.524,3.4,4.4,.770,0.7,2.8,3.5,7.0,0.9,0.3,3.2,1.5,17.6,2019,2020
Juwan Morgan,PF,22,UTA,16,0,4.6,0.6,1.1,.529,0.1,0.3,.200,0.5,0.8,.667,.559,0.0,0.0,,0.3,0.9,1.2,0.1,0.0,0.1,0.2,0.4,1.2,2019,2020
Marcus Morris,SF-PF,30,TOT,54,54,31.6,6.0,13.8,.432,2.4,5.9,.408,3.5,7.9,.449,.519,3.2,3.9,.822,1.0,4.1,5.1,1.4,0.8,0.5,1.6,2.9,17.5,2019,2020
Markieff Morris,PF,30,TOT,51,16,21.4,3.7,8.3,.447,1.6,4.1,.388,2.1,4.2,.505,.543,1.3,1.6,.783,0.6,3.2,3.8,1.4,0.5,0.3,1.5,2.3,10.3,2019,2020
Monte Morris,PG,24,DEN,64,8,21.6,3.5,7.5,.462,0.8,2.2,.376,2.6,5.3,.499,.518,0.8,1.0,.823,0.3,1.4,1.8,3.6,0.8,0.3,0.7,1.0,8.5,2019,2020
Johnathan Motley,PF,24,LAC,13,0,3.2,0.8,1.2,.733,0.1,0.1,1.000,0.8,1.1,.714,.767,0.4,0.5,.714,0.2,0.5,0.8,0.6,0.2,0.0,0.4,0.5,2.2,2019,2020
Emmanuel Mudiay,PG,23,UTA,48,1,15.7,2.8,6.0,.471,0.6,1.6,.355,2.3,4.4,.512,.517,1.1,1.4,.754,0.4,2.0,2.4,2.2,0.4,0.2,1.4,1.3,7.3,2019,2020
Mychal Mulder,SG,25,GSW,6,2,29.5,4.2,9.7,.431,2.7,7.5,.356,1.5,2.2,.692,.569,1.3,1.7,.800,0.5,2.7,3.2,1.3,0.3,0.2,0.7,3.0,12.3,2019,2020
Dejounte Murray,PG,23,SAS,58,50,24.9,4.4,9.3,.475,0.6,1.6,.378,3.8,7.7,.494,.507,1.3,1.6,.798,1.2,4.6,5.8,4.1,1.7,0.3,1.9,2.2,10.7,2019,2020
Jamal Murray,PG,22,DEN,54,54,32.7,6.9,15.3,.455,1.9,5.4,.348,5.1,9.8,.514,.517,2.9,3.2,.891,0.8,3.1,3.9,4.8,1.2,0.3,2.2,1.8,18.7,2019,2020
Džanan Musa,SF,20,BRK,35,0,11.5,1.4,4.0,.360,0.4,1.9,.231,1.0,2.1,.473,.414,0.9,1.3,.750,0.5,1.5,2.0,0.9,0.4,0.0,0.8,0.7,4.2,2019,2020
Mike Muscala,C,28,OKC,41,0,12.0,1.6,3.9,.403,1.0,2.9,.358,0.5,1.0,.538,.538,0.4,0.5,.818,0.3,2.0,2.3,0.8,0.2,0.3,0.3,1.2,4.6,2019,2020
Sviatoslav Mykhailiuk,SF,22,DET,55,26,22.6,2.9,7.1,.413,2.0,5.0,.406,0.9,2.1,.431,.556,0.9,1.2,.800,0.3,1.5,1.9,1.9,0.7,0.1,1.1,1.6,8.9,2019,2020
Abdel Nader,SF,26,OKC,48,5,15.8,2.1,4.6,.455,0.8,2.2,.371,1.3,2.4,.530,.543,1.0,1.3,.774,0.3,1.6,1.9,0.7,0.4,0.4,0.8,1.4,6.0,2019,2020
Larry Nance,C,27,CLE,55,10,26.2,4.1,7.7,.525,1.0,2.9,.344,3.1,4.9,.631,.588,0.9,1.3,.686,1.9,5.5,7.4,2.1,1.0,0.4,1.1,1.6,10.0,2019,2020
Shabazz Napier,PG,28,TOT,50,29,23.9,3.3,8.0,.409,1.4,4.3,.316,1.9,3.7,.516,.494,2.2,2.7,.815,0.5,2.4,2.9,4.9,1.3,0.2,2.1,1.8,10.1,2019,2020
Raul Neto,PG,27,PHI,49,3,11.5,1.6,3.6,.451,0.6,1.4,.394,1.0,2.1,.490,.531,0.5,0.6,.839,0.2,0.8,1.1,1.6,0.4,0.1,0.9,0.9,4.3,2019,2020
Malik Newman,SG,22,CLE,1,0,4.0,0.0,2.0,.000,0.0,1.0,.000,0.0,1.0,.000,.000,2.0,2.0,1.000,0.0,0.0,0.0,0.0,0.0,0.0,1.0,0.0,2.0,2019,2020
Georges Niang,PF,26,UTA,58,0,13.3,2.1,4.6,.453,1.3,3.2,.416,0.7,1.4,.538,.598,0.3,0.4,.864,0.2,1.7,1.9,0.6,0.2,0.1,0.4,1.1,5.8,2019,2020
Nerlens Noel,C,25,OKC,55,6,18.4,3.2,4.6,.685,0.0,0.1,.333,3.1,4.6,.689,.687,1.4,1.8,.765,1.5,3.4,4.9,1.0,1.0,1.5,1.0,2.6,7.7,2019,2020
Zach Norvell,SG,22,TOT,5,0,8.2,0.6,2.4,.250,0.6,1.6,.375,0.0,0.8,.000,.375,0.2,0.2,1.000,0.0,1.2,1.2,0.6,0.4,0.0,0.6,0.8,2.0,2019,2020
Jaylen Nowell,SG,20,MIN,14,0,10.4,1.4,3.7,.365,0.2,1.8,.120,1.1,1.9,.593,.394,1.1,1.2,.941,0.2,0.6,0.8,1.3,0.2,0.1,0.2,0.8,4.1,2019,2020
Frank Ntilikina,PG,21,NYK,55,26,20.6,2.3,5.8,.391,0.7,2.3,.310,1.5,3.4,.447,.454,0.7,0.9,.872,0.4,1.7,2.1,2.9,0.9,0.3,1.3,2.4,6.0,2019,2020
Kendrick Nunn,SG,24,MIA,61,61,29.8,6.1,13.7,.446,2.0,5.8,.355,4.0,7.9,.511,.520,1.3,1.5,.837,0.3,2.4,2.7,3.4,0.8,0.2,1.6,2.3,15.5,2019,2020
David Nwaba,SF,27,BRK,20,0,13.4,1.9,3.6,.521,0.6,1.4,.429,1.3,2.2,.581,.606,0.9,1.4,.667,0.4,1.9,2.3,0.4,0.6,0.6,0.4,1.6,5.2,2019,2020
Royce O'Neale,PF,26,UTA,64,55,29.1,2.2,5.0,.439,1.3,3.3,.389,0.9,1.7,.536,.567,0.6,0.8,.735,0.3,5.0,5.3,2.5,0.7,0.4,0.8,2.8,6.3,2019,2020
Kyle O'Quinn,C,29,PHI,25,1,10.2,1.4,2.9,.486,0.3,0.9,.304,1.1,2.0,.571,.535,0.4,0.8,.526,1.3,2.6,3.8,1.4,0.2,0.9,0.7,1.4,3.5,2019,2020
Semi Ojeleye,PF,25,BOS,60,5,14.5,1.1,2.6,.416,0.6,1.6,.372,0.5,1.0,.483,.529,0.4,0.5,.893,0.4,1.6,2.0,0.5,0.3,0.1,0.2,1.0,3.1,2019,2020
Jahlil Okafor,C,24,NOP,28,9,15.1,3.1,5.1,.611,0.0,0.1,.500,3.1,5.1,.613,.615,1.3,2.1,.638,1.6,2.6,4.3,1.3,0.3,0.7,1.3,2.3,7.6,2019,2020
Elie Okobo,PG,22,PHO,53,3,13.3,1.4,3.4,.398,0.5,1.3,.352,0.9,2.1,.427,.467,0.9,1.3,.687,0.3,1.4,1.7,2.1,0.5,0.1,0.7,1.0,4.1,2019,2020
Josh Okogie,SG,21,MIN,61,27,24.8,2.8,6.4,.427,0.7,2.5,.266,2.1,3.9,.531,.480,2.4,3.1,.797,1.4,2.9,4.3,1.6,1.1,0.4,1.4,2.3,8.6,2019,2020
KZ Okpala,SF,20,MIA,5,0,5.2,0.6,1.0,.600,0.0,0.2,.000,0.6,0.8,.750,.600,0.2,0.4,.500,0.2,0.8,1.0,0.2,0.4,0.2,0.2,0.4,1.4,2019,2020
Victor Oladipo,SG,27,IND,12,9,25.8,4.5,12.1,.372,1.3,5.2,.258,3.2,6.9,.458,.428,2.3,3.1,.757,0.6,2.3,2.8,2.9,0.8,0.2,2.3,1.5,12.7,2019,2020
Kelly Olynyk,C,28,MIA,58,6,18.7,2.6,5.4,.479,1.4,3.2,.437,1.2,2.2,.538,.607,1.2,1.4,.854,0.6,3.8,4.5,1.7,0.7,0.3,1.1,2.5,7.8,2019,2020
Miye Oni,SG,22,UTA,5,0,2.2,0.0,0.4,.000,0.0,0.2,.000,0.0,0.2,.000,.000,0.0,0.0,,0.0,0.4,0.4,0.0,0.0,0.0,0.2,0.0,0.0,2019,2020
Cedi Osman,SF,24,CLE,64,64,29.4,4.1,9.3,.442,1.9,5.0,.388,2.2,4.3,.504,.546,1.0,1.5,.667,0.6,3.0,3.5,2.4,0.8,0.2,1.4,2.5,11.1,2019,2020
Kelly Oubre,SF,24,PHO,56,55,34.5,6.7,14.8,.452,1.9,5.5,.352,4.7,9.3,.511,.517,3.4,4.4,.780,1.2,5.3,6.4,1.5,1.3,0.7,1.5,3.4,18.7,2019,2020
Tariq Owens,PF,24,PHO,3,0,5.0,0.3,1.7,.200,0.0,0.7,.000,0.3,1.0,.333,.200,0.7,0.7,1.000,0.7,0.3,1.0,0.0,0.3,0.0,0.0,0.3,1.3,2019,2020
Jeremy Pargo,PG,33,GSW,3,0,14.7,3.7,7.3,.500,1.0,2.3,.429,2.7,5.0,.533,.568,0.0,0.3,.000,0.3,0.7,1.0,2.7,0.3,0.0,1.3,2.7,8.3,2019,2020
Jabari Parker,PF,24,TOT,33,23,25.8,6.0,12.1,.499,0.9,3.5,.267,5.1,8.6,.594,.538,1.7,2.2,.743,1.6,4.3,5.9,1.8,1.3,0.5,1.8,2.8,14.7,2019,2020
Chandler Parsons,SF,31,ATL,5,0,10.8,1.0,3.6,.278,0.8,2.8,.286,0.2,0.8,.250,.389,0.0,0.0,,0.2,1.2,1.4,0.6,0.8,0.2,0.6,0.6,2.8,2019,2020
Eric Paschall,PF,23,GSW,59,26,27.5,5.3,10.6,.500,0.6,2.1,.288,4.7,8.5,.553,.529,2.7,3.5,.774,1.4,3.2,4.6,2.0,0.5,0.2,1.6,2.1,14.0,2019,2020
Anžejs Pasečņiks,C,24,WAS,23,0,17.5,2.4,4.6,.528,0.0,0.1,.000,2.4,4.5,.538,.528,1.4,2.3,.615,1.7,2.6,4.3,0.7,0.3,0.5,1.0,2.8,6.3,2019,2020
Patrick Patterson,PF,30,LAC,50,18,12.0,1.5,3.7,.400,1.1,2.8,.381,0.4,0.9,.457,.543,0.5,0.7,.794,0.6,1.8,2.4,0.6,0.1,0.1,0.3,0.8,4.6,2019,2020
Justin Patton,C,22,OKC,5,0,4.8,0.8,2.0,.400,0.2,0.8,.250,0.6,1.2,.500,.450,0.0,0.0,,0.2,0.8,1.0,0.4,0.0,0.0,0.4,0.8,1.8,2019,2020
Chris Paul,PG,34,OKC,63,63,31.8,6.3,12.8,.489,1.6,4.4,.362,4.7,8.3,.557,.552,3.6,4.0,.900,0.3,4.6,4.9,6.8,1.6,0.1,2.2,2.2,17.7,2019,2020
Elfrid Payton,PG,25,NYK,43,34,27.7,4.4,9.9,.441,0.3,1.6,.203,4.0,8.3,.487,.458,1.0,1.8,.577,1.2,3.6,4.8,7.1,1.5,0.4,2.1,2.0,10.1,2019,2020
Gary Payton,PG,27,WAS,28,17,15.0,1.7,4.1,.414,0.5,1.6,.283,1.3,2.5,.500,.470,0.1,0.3,.500,0.9,1.8,2.8,1.7,1.1,0.3,0.7,1.8,4.0,2019,2020
Norvel Pelle,C,26,PHI,20,0,8.9,0.9,1.8,.514,0.0,0.0,,0.9,1.8,.514,.514,0.3,0.6,.500,0.8,2.2,3.0,0.4,0.1,1.3,0.7,2.0,2.1,2019,2020
Theo Pinson,SG,24,BRK,33,0,11.1,1.4,4.7,.290,0.5,2.4,.188,0.9,2.3,.400,.339,0.5,0.5,.938,0.3,1.3,1.6,1.7,0.5,0.1,1.0,1.1,3.6,2019,2020
Mason Plumlee,C,29,DEN,52,1,17.1,2.9,4.7,.622,0.0,0.1,.000,2.9,4.7,.632,.622,1.4,2.7,.536,1.7,3.7,5.4,2.4,0.6,0.6,1.3,2.4,7.3,2019,2020
Vincent Poirier,C,26,BOS,21,0,5.4,0.8,1.6,.485,0.0,0.1,.500,0.7,1.5,.484,.500,0.3,0.3,.857,0.5,1.1,1.6,0.3,0.1,0.3,0.3,1.1,1.9,2019,2020
Jakob Pöltl,C,24,SAS,58,10,16.6,2.3,3.8,.619,0.0,0.0,,2.3,3.8,.619,.619,0.6,1.3,.486,1.8,3.6,5.3,1.8,0.5,1.4,0.8,1.7,5.3,2019,2020
Shamorie Ponds,PG,21,TOR,4,0,2.8,0.8,1.3,.600,0.3,0.5,.500,0.5,0.8,.667,.700,0.5,0.5,1.000,0.0,0.3,0.3,0.5,0.0,0.3,0.0,0.5,2.3,2019,2020
Jordan Poole,SG,20,GSW,56,14,22.3,2.9,8.8,.327,1.3,4.6,.278,1.6,4.2,.382,.400,1.6,2.1,.800,0.2,1.9,2.1,2.3,0.6,0.2,1.3,1.7,8.7,2019,2020
Kevin Porter,SF,19,CLE,50,3,23.2,3.7,8.4,.442,1.1,3.2,.335,2.7,5.3,.506,.505,1.5,2.0,.723,0.4,2.8,3.2,2.2,0.9,0.3,1.9,2.7,10.0,2019,2020
Michael Porter,PF,21,DEN,47,1,14.1,3.0,6.0,.500,0.9,2.2,.422,2.1,3.8,.544,.576,0.7,0.9,.767,1.1,3.1,4.2,0.7,0.4,0.4,0.7,1.6,7.6,2019,2020
Otto Porter,SF,26,CHI,13,9,23.5,4.3,9.9,.434,1.7,4.4,.386,2.6,5.5,.472,.519,1.4,2.0,.692,0.9,2.5,3.4,1.8,1.0,0.5,0.8,2.2,11.7,2019,2020
Bobby Portis,C,24,NYK,64,5,21.1,4.0,8.9,.446,1.0,2.9,.355,2.9,6.0,.490,.504,1.1,1.4,.769,1.2,3.9,5.2,1.4,0.5,0.3,1.1,1.7,10.0,2019,2020
Kristaps Porziņģis,PF,24,DAL,50,50,31.2,6.7,15.9,.422,2.5,7.1,.354,4.2,8.8,.477,.501,3.5,4.6,.776,1.7,7.7,9.4,1.7,0.7,2.1,1.6,3.1,19.4,2019,2020
Dwight Powell,C,28,DAL,40,37,26.5,3.7,5.7,.638,0.3,1.0,.256,3.4,4.8,.716,.659,1.9,2.8,.667,1.9,3.8,5.7,1.5,0.9,0.6,0.9,2.6,9.4,2019,2020
Norman Powell,SG,26,TOR,44,23,28.8,5.9,11.7,.502,2.1,5.4,.398,3.8,6.4,.589,.593,2.5,3.0,.838,0.5,3.1,3.7,1.8,1.3,0.4,1.5,2.1,16.4,2019,2020
Chasson Randle,PG,26,GSW,2,0,13.0,0.0,1.0,.000,0.0,0.5,.000,0.0,0.5,.000,.000,1.5,2.0,.750,0.0,1.0,1.0,1.0,0.5,0.0,0.0,0.5,1.5,2019,2020
Julius Randle,PF,25,NYK,62,62,32.5,7.2,15.7,.457,1.0,3.6,.271,6.2,12.1,.513,.489,4.0,5.5,.725,2.4,7.4,9.8,3.1,0.8,0.3,3.0,2.7,19.3,2019,2020
Josh Reaves,SG,22,DAL,2,0,0.5,0.0,0.5,.000,0.0,0.0,,0.0,0.5,.000,.000,0.0,0.0,,0.0,0.0,0.0,0.0,0.0,0.0,0.0,0.0,0.0,2019,2020
Cam Reddish,SF,20,ATL,57,34,26.6,3.6,9.5,.384,1.4,4.3,.335,2.2,5.2,.426,.460,1.8,2.2,.802,0.6,3.1,3.7,1.5,1.1,0.5,1.6,2.3,10.5,2019,2020
J.J. Redick,SG,35,NOP,54,35,26.4,4.6,10.3,.450,2.9,6.4,.452,1.8,3.9,.446,.590,2.7,3.0,.902,0.2,2.4,2.6,2.0,0.4,0.2,1.2,1.6,14.9,2019,2020
Naz Reid,C,20,MIN,29,10,16.3,3.3,8.1,.404,1.1,3.3,.330,2.2,4.8,.457,.472,1.2,1.8,.706,1.2,3.0,4.1,1.1,0.6,0.8,0.7,2.7,8.9,2019,2020
Josh Richardson,SG,26,PHI,47,45,30.7,5.2,12.1,.430,1.5,4.5,.325,3.7,7.6,.492,.490,2.1,2.6,.790,0.8,2.6,3.4,3.1,1.0,0.7,1.9,2.5,13.9,2019,2020
Austin Rivers,SG,27,HOU,59,4,23.5,3.0,7.2,.418,1.4,3.9,.351,1.7,3.4,.495,.512,1.0,1.5,.667,0.4,2.0,2.4,1.6,0.7,0.2,0.6,1.9,8.4,2019,2020
Duncan Robinson,SF,25,MIA,64,59,29.9,4.4,9.4,.472,3.8,8.3,.453,0.7,1.1,.614,.672,0.7,0.8,.900,0.1,3.1,3.3,1.4,0.5,0.2,0.9,2.8,13.3,2019,2020
Glenn Robinson,SF,26,TOT,59,52,29.3,4.7,9.7,.487,1.3,3.2,.389,3.5,6.5,.535,.551,1.2,1.4,.867,1.3,3.1,4.4,1.6,0.9,0.3,0.9,1.6,12.0,2019,2020
Jerome Robinson,SG,22,TOT,54,3,13.6,1.4,4.0,.350,0.6,1.9,.304,0.8,2.1,.393,.423,0.4,0.5,.690,0.1,1.8,1.9,1.2,0.4,0.2,0.6,1.5,3.7,2019,2020
Justin Robinson,PG,22,WAS,9,0,5.4,0.6,1.3,.417,0.3,0.6,.600,0.2,0.8,.286,.542,0.0,0.0,,0.1,0.4,0.6,0.8,0.0,0.1,0.3,0.2,1.4,2019,2020
Mitchell Robinson,C,21,NYK,59,7,23.1,4.1,5.6,.736,0.0,0.0,,4.1,5.6,.736,.736,1.4,2.4,.576,3.1,4.1,7.1,0.6,0.9,2.0,0.6,3.2,9.6,2019,2020
Isaiah Roby,SF,21,OKC,3,0,3.7,0.0,0.3,.000,0.0,0.0,,0.0,0.3,.000,.000,0.0,0.0,,0.0,0.7,0.7,0.0,0.0,0.0,0.3,0.3,0.0,2019,2020
Rajon Rondo,PG,33,LAL,47,3,20.6,2.9,6.9,.418,0.9,2.6,.325,2.0,4.3,.475,.480,0.6,0.9,.659,0.5,2.5,3.0,5.1,0.9,0.0,1.9,1.2,7.2,2019,2020
Derrick Rose,PG,31,DET,50,15,26.0,7.4,15.1,.490,0.9,2.9,.306,6.5,12.1,.535,.520,2.4,2.8,.871,0.5,1.9,2.4,5.6,0.8,0.3,2.5,1.0,18.1,2019,2020
Terrence Ross,SG,28,ORL,62,0,27.3,5.0,12.2,.406,2.5,7.1,.354,2.4,5.1,.479,.510,2.1,2.5,.842,0.2,3.0,3.2,1.2,1.1,0.3,1.0,1.5,14.6,2019,2020
Terry Rozier,PG,25,CHO,63,63,34.3,6.3,14.9,.423,2.7,6.7,.407,3.6,8.2,.436,.514,2.6,3.0,.874,0.8,3.6,4.4,4.1,1.0,0.2,2.2,2.0,18.0,2019,2020
Ricky Rubio,PG,29,PHO,56,56,31.5,4.4,10.7,.413,1.1,3.3,.346,3.3,7.4,.442,.466,2.9,3.4,.845,0.8,3.9,4.6,8.9,1.6,0.2,2.7,2.5,12.9,2019,2020
D'Angelo Russell,PG,23,TOT,44,44,32.2,8.0,18.9,.424,3.5,9.5,.365,4.5,9.4,.483,.516,3.5,4.3,.811,0.4,3.5,3.9,6.4,1.0,0.3,3.2,1.9,23.0,2019,2020
Domantas Sabonis,C,23,IND,61,61,34.7,7.3,13.5,.539,0.3,1.1,.262,7.0,12.5,.563,.550,3.5,4.8,.721,3.0,9.5,12.5,5.0,0.8,0.5,2.7,3.2,18.3,2019,2020
Luka Šamanić,PF,20,SAS,1,0,12.0,0.0,4.0,.000,0.0,2.0,.000,0.0,2.0,.000,.000,0.0,0.0,,0.0,2.0,2.0,3.0,0.0,0.0,0.0,0.0,0.0,2019,2020
JaKarr Sampson,SF,26,IND,25,10,13.1,1.9,3.2,.608,0.1,0.5,.167,1.8,2.7,.687,.620,0.4,0.8,.550,0.6,1.6,2.2,0.3,0.4,0.4,0.3,1.6,4.4,2019,2020
Dario Šarić,PF,25,PHO,57,49,24.6,3.6,8.0,.458,1.2,3.6,.332,2.4,4.3,.565,.534,1.4,1.6,.828,1.5,4.4,5.9,1.9,0.6,0.2,1.3,2.2,9.9,2019,2020
Tomáš Satoranský,PG,28,CHI,64,64,28.9,3.7,8.5,.432,1.0,3.1,.321,2.7,5.4,.494,.490,1.7,1.9,.876,1.1,2.7,3.8,5.5,1.3,0.1,2.0,2.1,10.0,2019,2020
Admiral Schofield,SF,22,WAS,26,2,11.2,1.2,2.9,.400,0.5,1.8,.298,0.6,1.1,.571,.493,0.3,0.5,.692,0.2,1.1,1.3,0.5,0.3,0.1,0.3,1.6,3.2,2019,2020
Dennis Schröder,PG,26,OKC,63,1,31.0,7.0,15.0,.468,1.9,5.1,.381,5.1,9.9,.512,.532,3.1,3.7,.839,0.3,3.4,3.7,4.1,0.7,0.2,2.5,2.2,19.0,2019,2020
Mike Scott,PF,31,PHI,62,10,17.7,2.1,5.1,.406,1.2,3.3,.360,0.9,1.8,.491,.522,0.4,0.5,.862,0.9,2.7,3.5,0.7,0.3,0.1,0.4,1.3,5.7,2019,2020
Thabo Sefolosha,PF,35,HOU,41,0,10.6,0.9,2.2,.407,0.4,1.3,.278,0.5,0.9,.595,.489,0.1,0.2,.375,0.5,1.8,2.3,0.6,0.6,0.3,0.4,1.0,2.2,2019,2020
Collin Sexton,SG,21,CLE,64,64,32.9,7.8,16.7,.468,1.5,4.0,.380,6.3,12.7,.496,.514,3.5,4.1,.845,1.0,2.2,3.1,2.9,1.0,0.1,2.4,2.2,20.7,2019,2020
Landry Shamet,SG,22,LAC,46,27,27.6,3.1,7.4,.422,2.3,5.7,.398,0.9,1.7,.500,.575,1.1,1.3,.897,0.1,1.8,1.9,1.8,0.4,0.2,0.8,2.8,9.7,2019,2020
Marial Shayok,SG,24,PHI,2,0,5.0,0.5,2.5,.200,0.5,1.5,.333,0.0,1.0,.000,.300,0.0,0.0,,0.0,1.5,1.5,0.5,0.0,0.0,0.5,0.0,1.5,2019,2020
Iman Shumpert,SG,29,BRK,13,0,18.5,1.6,4.9,.328,0.6,2.5,.242,1.0,2.4,.419,.391,0.3,0.5,.571,0.7,1.9,2.6,0.9,0.9,0.2,0.8,1.6,4.2,2019,2020
Pascal Siakam,PF,25,TOR,53,53,35.5,8.7,18.9,.459,2.2,6.0,.359,6.5,12.8,.506,.517,4.2,5.2,.800,1.1,6.5,7.5,3.6,1.0,0.9,2.5,2.8,23.6,2019,2020
Chris Silva,PF,23,MIA,41,0,7.5,1.0,1.7,.623,0.0,0.0,.000,1.0,1.6,.642,.623,0.8,1.2,.694,1.3,1.3,2.7,0.5,0.2,0.4,0.8,2.0,2.9,2019,2020
Ben Simmons,PG,23,PHI,54,54,35.7,6.7,11.4,.585,0.0,0.1,.333,6.6,11.3,.588,.587,3.3,5.3,.627,2.0,5.8,7.8,8.2,2.1,0.6,3.6,3.2,16.7,2019,2020
Anfernee Simons,SG,20,POR,64,4,21.7,3.3,8.2,.402,1.1,3.4,.336,2.1,4.8,.448,.471,1.2,1.4,.822,0.4,1.9,2.3,1.5,0.4,0.2,1.0,2.0,8.9,2019,2020
Alen Smailagić,PF,19,GSW,14,0,9.9,1.4,2.9,.500,0.2,0.9,.231,1.2,1.9,.630,.538,1.1,1.4,.842,0.7,1.2,1.9,0.9,0.2,0.3,0.8,1.0,4.2,2019,2020
Marcus Smart,SG,25,BOS,52,38,32.4,4.5,11.9,.379,2.4,7.0,.348,2.1,4.9,.422,.481,2.0,2.4,.832,0.8,3.1,3.8,4.8,1.7,0.5,1.7,2.7,13.4,2019,2020
Dennis Smith,PG,22,NYK,34,3,15.8,2.1,6.2,.341,0.5,1.6,.296,1.6,4.6,.357,.379,0.8,1.6,.509,0.6,1.7,2.3,2.9,0.8,0.2,1.7,1.9,5.5,2019,2020
Ish Smith,PG,31,WAS,60,19,26.2,4.4,9.7,.451,0.9,2.5,.367,3.5,7.2,.480,.498,0.8,1.2,.686,0.5,2.7,3.2,4.8,0.9,0.4,1.3,1.4,10.5,2019,2020
Zhaire Smith,SG,20,PHI,7,0,4.6,0.4,1.6,.273,0.0,0.4,.000,0.4,1.1,.375,.273,0.3,0.6,.500,0.0,0.3,0.3,0.3,0.4,0.0,0.3,0.6,1.1,2019,2020
Tony Snell,SF,28,DET,58,56,27.8,2.9,6.5,.443,1.8,4.4,.403,1.1,2.1,.524,.578,0.5,0.5,1.000,0.2,1.7,1.9,2.1,0.5,0.3,0.5,1.7,8.0,2019,2020
Omari Spellman,PF,22,GSW,49,3,18.1,2.6,6.0,.431,0.9,2.2,.391,1.7,3.8,.454,.503,1.5,1.9,.793,1.6,2.9,4.5,1.0,0.7,0.5,1.1,1.3,7.6,2019,2020
Max Strus,SG,23,CHI,2,0,3.0,1.0,1.5,.667,0.0,0.5,.000,1.0,1.0,1.000,.667,0.5,0.5,1.000,0.5,0.0,0.5,0.0,0.0,0.0,0.0,0.5,2.5,2019,2020
Edmond Sumner,PG,24,IND,24,2,13.7,1.9,4.5,.421,0.4,1.6,.263,1.5,2.9,.507,.467,0.4,0.6,.667,0.4,1.0,1.4,1.6,0.6,0.3,0.8,1.4,4.6,2019,2020
Caleb Swanigan,PF,22,TOT,26,1,10.7,1.1,1.8,.596,0.0,0.1,.000,1.1,1.7,.622,.596,0.3,0.7,.529,1.0,2.7,3.7,1.2,0.1,0.3,1.4,2.3,2.5,2019,2020
Jayson Tatum,PF,21,BOS,58,58,34.6,8.4,18.8,.447,2.8,7.1,.399,5.6,11.7,.476,.522,3.8,4.7,.806,1.0,6.1,7.1,3.0,1.4,0.9,2.3,2.1,23.4,2019,2020
Jeff Teague,PG,31,TOT,58,17,24.9,3.6,8.3,.432,0.7,2.0,.362,2.9,6.3,.454,.475,2.9,3.3,.870,0.4,1.9,2.4,5.3,0.8,0.3,2.0,1.8,10.8,2019,2020
Garrett Temple,SG,33,BRK,55,31,28.1,3.6,9.5,.378,2.0,6.3,.324,1.6,3.2,.483,.485,1.0,1.3,.767,0.5,2.9,3.5,2.6,0.8,0.5,1.0,1.7,10.3,2019,2020
Daniel Theis,C,27,BOS,57,56,23.7,3.6,6.5,.562,0.4,1.4,.304,3.2,5.1,.632,.595,1.4,1.8,.760,2.2,4.3,6.6,1.6,0.6,1.3,0.8,3.4,9.1,2019,2020
Isaiah Thomas,PG,30,WAS,40,37,23.1,4.4,10.7,.408,2.0,4.7,.413,2.4,5.9,.405,.500,1.6,1.9,.816,0.3,1.4,1.7,3.7,0.3,0.2,1.9,1.9,12.2,2019,2020
Khyri Thomas,SG,23,DET,7,0,6.7,0.6,2.0,.286,0.6,1.6,.364,0.0,0.4,.000,.429,0.1,0.3,.500,0.1,0.0,0.1,0.3,0.3,0.0,0.4,0.7,1.9,2019,2020
Matt Thomas,SG,25,TOR,33,0,9.7,1.6,3.4,.486,1.1,2.3,.467,0.6,1.1,.528,.644,0.2,0.3,.700,0.2,1.2,1.5,0.5,0.2,0.0,0.4,0.9,4.5,2019,2020
Tristan Thompson,C,28,CLE,57,51,30.2,5.1,9.9,.512,0.2,0.4,.391,4.9,9.5,.518,.520,1.7,2.8,.615,4.0,6.2,10.1,2.1,0.6,0.9,1.8,2.2,12.0,2019,2020
Matisse Thybulle,SG,22,PHI,56,13,19.5,1.6,4.1,.402,0.9,2.5,.350,0.8,1.6,.483,.509,0.4,0.7,.610,0.6,0.9,1.5,1.2,1.4,0.7,0.8,2.1,4.6,2019,2020
Anthony Tolliver,PF,34,TOT,46,9,15.5,1.2,3.3,.349,0.8,2.6,.322,0.3,0.7,.441,.474,0.3,0.5,.696,0.7,2.2,2.9,0.7,0.3,0.2,0.6,1.4,3.5,2019,2020
Juan Toscano-Anderson,SF,26,GSW,12,5,22.6,2.4,5.2,.468,0.7,1.9,.348,1.8,3.3,.538,.532,0.3,0.4,.600,0.8,3.6,4.3,2.2,1.1,0.4,1.3,2.5,5.8,2019,2020
Karl-Anthony Towns,C,24,MIN,35,35,33.9,9.0,17.8,.508,3.3,7.9,.412,5.8,9.9,.586,.600,5.1,6.5,.796,2.7,8.1,10.8,4.4,0.9,1.2,3.1,3.3,26.5,2019,2020
Gary Trent,SG,21,POR,52,8,20.0,2.9,6.6,.432,1.5,3.8,.394,1.4,2.8,.483,.545,0.6,0.7,.833,0.4,1.3,1.7,0.9,0.8,0.2,0.4,1.3,7.8,2019,2020
Allonzo Trier,PG,24,NYK,24,1,12.1,2.1,4.4,.481,0.8,2.2,.358,1.3,2.2,.604,.571,1.4,1.8,.791,0.3,1.0,1.2,1.2,0.1,0.2,0.9,1.2,6.5,2019,2020
P.J. Tucker,PF,34,HOU,63,63,34.4,2.6,5.9,.433,1.5,4.0,.369,1.1,1.9,.573,.559,0.6,0.7,.841,1.6,5.3,6.8,1.6,1.1,0.5,1.0,3.3,7.2,2019,2020
Rayjon Tucker,SG,22,UTA,14,0,5.6,0.6,1.4,.421,0.0,0.4,.000,0.6,0.9,.615,.421,0.2,0.4,.600,0.1,0.8,0.9,0.1,0.1,0.0,0.2,0.5,1.4,2019,2020
Evan Turner,PG,31,ATL,19,0,13.2,1.3,3.5,.373,0.0,0.3,.000,1.3,3.3,.403,.373,0.6,0.7,.857,0.4,1.6,2.0,2.0,0.5,0.4,1.4,1.1,3.3,2019,2020
Myles Turner,C,23,IND,54,54,29.5,4.2,9.4,.447,1.4,4.2,.336,2.8,5.2,.536,.522,2.0,2.6,.754,1.3,5.2,6.5,1.1,0.8,2.1,1.2,2.5,11.8,2019,2020
Jarrod Uthoff,SF,26,MEM,4,0,3.5,0.3,1.8,.143,0.0,1.0,.000,0.3,0.8,.333,.143,0.5,0.5,1.000,0.3,0.0,0.3,0.0,0.3,0.0,0.0,0.3,1.0,2019,2020
Jonas Valančiūnas,C,27,MEM,61,61,26.1,6.2,10.6,.581,0.5,1.3,.367,5.7,9.3,.611,.604,1.9,2.5,.735,3.0,8.1,11.1,1.8,0.4,1.1,1.7,2.6,14.7,2019,2020
Denzel Valentine,SF,26,CHI,35,4,13.3,2.6,6.4,.404,1.2,3.7,.328,1.4,2.7,.511,.500,0.2,0.2,.750,0.3,1.8,2.1,1.2,0.7,0.2,0.7,1.4,6.6,2019,2020
Jarred Vanderbilt,SF-PF,20,TOT,11,0,4.2,0.5,0.7,.625,0.0,0.1,.000,0.5,0.6,.714,.625,0.2,0.2,1.000,0.3,0.5,0.8,0.2,0.3,0.1,0.6,0.5,1.1,2019,2020
Fred VanVleet,PG,25,TOR,48,48,35.8,6.0,14.6,.409,2.7,7.0,.388,3.3,7.6,.430,.503,2.9,3.5,.843,0.4,3.4,3.8,6.6,1.9,0.3,2.3,2.5,17.6,2019,2020
Gabe Vincent,PG,23,MIA,6,0,7.0,0.7,3.2,.211,0.7,2.7,.250,0.0,0.5,.000,.316,0.0,0.0,,0.0,0.5,0.5,0.5,0.2,0.0,0.0,0.3,2.0,2019,2020
Noah Vonleh,C-PF,24,TOT,33,1,11.0,1.5,2.7,.562,0.1,0.5,.200,1.4,2.2,.635,.579,0.7,0.9,.800,1.1,2.6,3.7,0.8,0.3,0.2,0.6,1.2,3.8,2019,2020
Nikola Vučević,C,29,ORL,53,53,32.6,7.9,16.9,.468,1.5,4.6,.331,6.4,12.3,.520,.513,2.2,2.8,.781,2.4,8.6,11.0,3.7,0.9,0.9,1.4,2.2,19.5,2019,2020
Dean Wade,PF,23,CLE,12,0,5.9,0.8,1.1,.692,0.2,0.3,.500,0.6,0.8,.778,.769,0.0,0.1,.000,0.3,1.3,1.6,0.2,0.2,0.3,0.3,0.7,1.7,2019,2020
Moritz Wagner,C,22,WAS,36,5,19.1,3.6,6.2,.571,0.6,1.9,.343,2.9,4.4,.669,.623,1.8,2.2,.808,1.3,3.9,5.3,1.3,0.6,0.5,1.5,3.6,9.5,2019,2020
Dion Waiters,SG,28,MIA,3,0,14.0,3.3,8.7,.385,2.7,5.7,.471,0.7,3.0,.222,.538,0.0,0.3,.000,0.0,3.7,3.7,1.0,0.0,0.7,1.0,1.7,9.3,2019,2020
Kemba Walker,PG,29,BOS,49,49,31.9,7.1,16.7,.423,3.3,8.8,.379,3.8,8.0,.472,.523,3.9,4.5,.869,0.7,3.4,4.1,5.0,1.0,0.5,2.1,1.6,21.4,2019,2020
Lonnie Walker,SG,21,SAS,53,4,14.5,2.2,5.0,.434,0.5,1.3,.408,1.6,3.7,.444,.489,0.7,1.0,.717,0.4,1.8,2.2,0.9,0.5,0.2,0.6,1.3,5.6,2019,2020
Tyrone Wallace,SG,25,ATL,14,0,11.4,1.0,3.1,.318,0.1,1.1,.067,0.9,2.1,.448,.330,0.8,1.2,.647,0.2,1.4,1.6,0.9,0.5,0.1,0.7,1.4,2.9,2019,2020
Taurean Waller-Prince,SF,25,BRK,63,61,29.0,4.4,11.6,.379,2.3,6.7,.343,2.1,4.8,.430,.479,1.1,1.4,.793,0.8,5.2,6.0,1.8,0.9,0.4,2.0,2.5,12.2,2019,2020
Derrick Walton,PG,24,TOT,26,1,9.5,0.7,1.5,.462,0.4,0.9,.417,0.3,0.6,.533,.590,0.3,0.3,.778,0.1,0.5,0.6,1.0,0.3,0.0,0.2,0.8,2.0,2019,2020
Brad Wanamaker,PG,30,BOS,62,1,19.3,2.2,5.1,.427,0.5,1.5,.367,1.6,3.6,.451,.479,1.7,1.8,.929,0.3,1.7,2.0,2.5,0.8,0.2,1.1,1.9,6.6,2019,2020
T.J. Warren,SF,26,IND,60,60,32.5,7.5,14.2,.530,1.1,3.0,.374,6.4,11.2,.572,.570,2.5,3.1,.809,1.0,3.0,4.0,1.5,1.2,0.5,1.2,2.8,18.6,2019,2020
P.J. Washington,PF,21,CHO,57,56,30.2,4.6,10.0,.456,1.5,3.9,.377,3.1,6.2,.506,.529,1.5,2.4,.657,0.9,4.5,5.4,2.1,0.9,0.8,1.6,2.7,12.2,2019,2020
Yuta Watanabe,SG,25,MEM,16,0,6.2,0.8,1.8,.414,0.2,0.5,.375,0.6,1.3,.429,.466,0.2,0.5,.375,0.4,0.7,1.1,0.3,0.3,0.1,0.1,0.6,1.9,2019,2020
Tremont Waters,PG,22,BOS,10,0,8.9,1.2,3.5,.343,0.3,1.7,.176,0.9,1.8,.500,.386,0.6,0.6,1.000,0.0,0.9,0.9,1.2,0.5,0.2,1.0,1.1,3.3,2019,2020
Paul Watson,SF-SG,25,TOT,5,0,5.0,0.0,1.6,.000,0.0,0.8,.000,0.0,0.8,.000,.000,0.2,0.4,.500,0.0,0.8,0.8,1.0,0.2,0.2,0.0,0.2,0.2,2019,2020
Quinndary Weatherspoon,SG,23,SAS,3,0,5.0,0.0,1.0,.000,0.0,0.3,.000,0.0,0.7,.000,.000,0.0,0.0,,0.0,0.3,0.3,0.3,0.0,0.0,0.0,0.0,0.0,2019,2020
Russell Westbrook,PG,31,HOU,52,52,35.9,10.7,22.7,.471,1.0,3.9,.254,9.7,18.9,.516,.493,5.1,6.5,.776,1.8,6.3,8.1,7.0,1.6,0.3,4.4,3.5,27.5,2019,2020
Coby White,SG,19,CHI,64,0,25.6,4.8,12.1,.394,2.0,5.8,.355,2.7,6.3,.429,.478,1.5,1.9,.790,0.4,3.1,3.5,2.7,0.8,0.1,1.6,1.8,13.1,2019,2020
Derrick White,SG,25,SAS,60,12,23.9,3.5,7.6,.459,0.9,2.6,.359,2.5,5.0,.512,.521,2.5,2.9,.860,0.5,2.6,3.1,3.3,0.6,0.9,1.2,2.2,10.3,2019,2020
Hassan Whiteside,C,30,POR,60,60,31.2,6.8,11.1,.617,0.1,0.1,.571,6.8,11.0,.618,.620,2.6,3.7,.683,4.0,10.3,14.3,1.2,0.4,3.1,1.9,3.0,16.3,2019,2020
Andrew Wiggins,SF-SG,24,TOT,53,53,34.5,8.1,18.2,.446,2.0,6.2,.331,6.1,12.0,.505,.502,3.5,5.0,.712,1.2,3.9,5.1,3.7,0.8,1.0,2.5,2.4,21.8,2019,2020
Grant Williams,PF,21,BOS,61,5,15.9,1.3,3.1,.417,0.3,1.4,.247,1.0,1.8,.551,.471,0.6,0.8,.725,1.0,1.8,2.7,1.0,0.4,0.5,0.8,2.4,3.6,2019,2020
Johnathan Williams,C,24,WAS,11,5,12.3,1.5,2.3,.640,0.0,0.2,.000,1.5,2.1,.696,.640,0.3,0.5,.600,1.4,2.5,3.9,0.5,0.1,0.5,0.4,1.0,3.2,2019,2020
Kenrich Williams,PF,25,NOP,35,18,22.3,1.4,4.1,.343,0.7,2.7,.260,0.7,1.3,.511,.430,0.3,0.7,.375,1.4,3.7,5.1,1.5,0.7,0.6,0.6,2.3,3.8,2019,2020
Lou Williams,SG,33,LAC,60,8,29.3,6.1,14.7,.416,1.8,4.9,.363,4.3,9.8,.442,.476,4.6,5.4,.863,0.5,2.6,3.1,5.7,0.7,0.2,2.9,1.3,18.7,2019,2020
Marvin Williams,PF,33,TOT,52,1,19.4,2.1,4.8,.442,1.0,2.8,.361,1.1,2.0,.552,.546,0.9,1.0,.870,0.4,2.5,2.8,1.1,0.7,0.5,0.5,1.8,6.1,2019,2020
Robert Williams,C,22,BOS,23,1,14.0,1.8,2.7,.677,0.0,0.0,,1.8,2.7,.677,.677,0.6,1.1,.560,1.5,3.2,4.7,1.0,0.9,1.2,0.9,1.7,4.3,2019,2020
Nigel Williams-Goss,PG,25,UTA,9,0,3.1,0.1,0.8,.143,0.0,0.2,.000,0.1,0.6,.200,.143,0.2,0.2,1.000,0.2,0.3,0.6,0.6,0.1,0.1,0.2,0.2,0.4,2019,2020
Zion Williamson,PF,19,NOP,19,19,29.7,9.1,15.4,.589,0.3,0.7,.462,8.7,14.7,.595,.599,5.2,8.0,.645,2.9,3.9,6.8,2.2,0.8,0.5,2.7,1.7,23.6,2019,2020
D.J. Wilson,PF,23,MIL,31,0,9.0,1.3,3.3,.396,0.5,1.8,.255,0.8,1.5,.565,.465,0.2,0.3,.667,0.3,1.9,2.2,0.7,0.1,0.2,0.5,0.8,3.2,2019,2020
Justise Winslow,SF,23,MIA,11,5,32.0,4.5,11.7,.388,0.5,2.5,.222,4.0,9.3,.431,.411,1.6,2.5,.667,1.5,5.2,6.6,4.0,0.6,0.5,2.2,3.5,11.3,2019,2020
Christian Wood,PF,24,DET,61,11,21.1,4.5,8.0,.559,0.8,2.2,.375,3.7,5.8,.630,.611,2.9,3.9,.752,1.7,4.6,6.3,1.0,0.5,0.9,1.3,1.6,12.8,2019,2020
Delon Wright,SG,27,DAL,63,5,21.7,2.7,5.8,.470,0.7,1.8,.375,2.1,4.1,.512,.527,1.1,1.4,.784,1.0,2.9,3.9,3.4,1.1,0.3,1.0,1.3,7.3,2019,2020
Justin Wright-Foreman,PG,22,UTA,1,0,2.0,0.0,0.0,,0.0,0.0,,0.0,0.0,,,0.0,0.0,,0.0,0.0,0.0,0.0,0.0,0.0,0.0,0.0,0.0,2019,2020
Thaddeus Young,PF,31,CHI,63,16,24.9,4.2,9.4,.447,1.2,3.5,.355,3.0,6.0,.501,.513,0.7,1.1,.586,1.5,3.5,4.9,1.8,1.4,0.4,1.6,2.1,10.3,2019,2020
Trae Young,PG,21,ATL,59,59,35.3,9.1,20.7,.436,3.4,9.4,.358,5.7,11.3,.501,.518,7.9,9.2,.862,0.5,3.8,4.3,9.3,1.1,0.1,4.8,1.7,29.4,2019,2020
Cody Zeller,C,27,CHO,57,38,23.1,4.3,8.3,.522,0.3,1.3,.230,4.0,7.0,.577,.540,2.1,3.1,.680,2.7,4.3,7.0,1.5,0.7,0.4,1.3,2.4,11.0,2019,2020
Ante Žižić,C,23,CLE,22,0,10.0,1.9,3.3,.569,0.0,0.0,,1.9,3.3,.569,.569,0.6,0.9,.737,0.8,2.2,3.0,0.3,0.3,0.2,0.5,1.2,4.4,2019,2020
Ivica Zubac,C,22,LAC,63,61,18.0,3.2,5.3,.602,0.0,0.0,.000,3.2,5.3,.605,.602,1.7,2.2,.755,2.6,4.6,7.1,1.1,0.2,0.9,0.8,2.3,8.0,2019,2020
