Player,Pos,Age,Tm,G,GS,MP,FG,FGA,FG%,3P,3PA,3P%,2P,2PA,2P%,eFG%,FT,FTA,FT%,ORB,DRB,TRB,AST,STL,BLK,TOV,PF,PTS
Steven Adams,C,26,OKC,56,56,27.0,4.6,7.7,.591,0.0,0.1,.333,4.6,7.7,.593,.592,1.8,3.1,.590,3.4,6.0,9.4,2.5,0.8,1.1,1.5,2.0,11.0
Bam Adebayo,PF,22,MIA,62,62,34.4,6.2,11.0,.565,0.0,0.2,.077,6.2,10.8,.575,.566,3.6,5.3,.690,2.5,8.0,10.5,5.0,1.2,1.3,2.8,2.4,16.1
LaMarcus Aldridge,C,34,SAS,52,52,33.0,7.3,14.8,.495,1.2,2.9,.392,6.2,11.9,.520,.534,3.0,3.6,.829,2.0,5.5,7.5,2.4,0.6,1.6,1.4,2.4,18.8
Nickeil Alexander-Walker,SG,21,NOP,41,0,12.2,1.9,5.5,.339,1.0,2.9,.342,0.9,2.7,.336,.427,0.4,0.7,.607,0.2,1.8,2.0,1.8,0.3,0.2,1.0,1.1,5.1
Grayson Allen,SG,24,MEM,30,0,16.6,2.6,5.9,.449,1.1,3.0,.363,1.5,2.8,.541,.543,1.0,1.2,.857,0.2,2.0,2.2,1.4,0.2,0.0,0.8,1.2,7.4
Jarrett Allen,C,21,BRK,61,57,26.0,4.2,6.5,.644,0.0,0.1,.000,4.2,6.5,.652,.644,2.3,3.7,.621,3.1,6.5,9.6,1.4,0.6,1.4,1.1,2.3,10.7
Kadeem Allen,SG,27,NYK,10,0,11.7,1.9,4.4,.432,0.5,1.6,.313,1.4,2.8,.500,.489,0.7,1.1,.636,0.2,0.7,0.9,2.1,0.5,0.2,0.8,0.7,5.0
Al-Farouq Aminu,PF,29,ORL,18,2,21.1,1.4,4.8,.291,0.5,2.0,.250,0.9,2.8,.320,.343,1.1,1.6,.655,1.3,3.5,4.8,1.2,1.0,0.4,0.9,1.5,4.3
Justin Anderson,SF,26,BRK,3,0,5.7,0.3,2.0,.167,0.0,1.0,.000,0.3,1.0,.333,.167,0.3,0.7,.500,0.0,0.7,0.7,0.0,0.0,0.3,0.0,0.7,1.0
Kyle Anderson,PF,26,MEM,56,17,18.9,2.3,4.8,.491,0.2,1.0,.232,2.1,3.8,.559,.515,0.7,1.1,.650,0.9,3.4,4.3,2.2,0.8,0.5,0.9,1.4,5.6
Ryan Anderson,PF,31,HOU,2,0,7.0,1.0,3.5,.286,0.5,2.5,.200,0.5,1.0,.500,.357,0.0,0.0,,0.0,3.5,3.5,1.0,0.5,0.0,0.5,0.5,2.5
Giannis Antetokounmpo,PF,25,MIL,56,56,30.8,10.9,20.0,.548,1.5,4.7,.309,9.5,15.2,.623,.585,6.3,9.9,.629,2.3,11.5,13.8,5.8,1.0,1.0,3.7,3.0,29.6
Kostas Antetokounmpo,PF,22,LAL,3,0,1.7,0.0,0.0,,0.0,0.0,,0.0,0.0,,,0.0,0.0,,0.0,0.3,0.3,0.3,0.0,0.0,0.0,0.0,0.0
Thanasis Antetokounmpo,SF,27,MIL,17,1,4.3,0.9,1.8,.533,0.0,0.3,.000,0.9,1.5,.640,.533,0.2,0.5,.444,0.5,0.3,0.8,0.4,0.2,0.1,0.5,0.6,2.1
Carmelo Anthony,PF,35,POR,47,47,32.6,5.9,13.7,.426,1.4,4.0,.366,4.4,9.8,.450,.478,2.3,2.7,.852,1.3,5.1,6.4,1.5,0.8,0.4,1.8,2.9,15.5
OG Anunoby,SF,22,TOR,60,59,29.8,4.3,8.5,.503,1.3,3.4,.371,3.0,5.0,.593,.578,0.9,1.3,.700,1.2,4.3,5.5,1.6,1.4,0.7,1.2,2.5,10.7
Ryan Arcidiacono,PG,25,CHI,58,4,16.0,1.6,3.8,.409,0.9,2.4,.391,0.6,1.4,.439,.532,0.5,0.7,.711,0.3,1.6,1.9,1.7,0.5,0.1,0.6,1.7,4.5
Trevor Ariza,SF,34,TOT,50,18,27.8,2.6,5.9,.434,1.4,3.8,.360,1.2,2.2,.565,.549,1.1,1.3,.841,0.6,3.9,4.6,1.7,1.3,0.3,1.0,2.1,7.6
D.J. Augustin,PG,32,ORL,46,6,24.7,3.0,8.0,.380,1.2,3.5,.329,1.9,4.5,.420,.452,2.6,3.0,.882,0.3,1.9,2.2,4.6,0.6,0.0,1.3,1.1,9.8
Deandre Ayton,C,21,PHO,30,25,33.2,8.5,15.5,.548,0.0,0.1,.000,8.5,15.4,.552,.548,2.0,2.6,.769,4.1,7.9,12.0,1.9,0.7,1.7,2.4,3.2,19.0
Dwayne Bacon,SG,24,CHO,39,11,17.6,2.2,6.3,.348,0.5,1.7,.284,1.7,4.5,.373,.387,0.9,1.4,.660,0.4,2.2,2.6,1.3,0.6,0.1,0.9,1.3,5.7
Marvin Bagley,PF,20,SAC,13,6,25.7,6.0,12.8,.467,0.3,1.7,.182,5.7,11.2,.510,.479,1.9,2.4,.806,2.2,5.2,7.5,0.8,0.5,0.9,1.4,3.3,14.2
Lonzo Ball,PG,22,NOP,54,45,32.3,4.6,11.2,.408,2.4,6.4,.379,2.1,4.7,.447,.517,0.7,1.2,.578,1.1,5.1,6.2,7.0,1.4,0.5,3.0,1.9,12.2
Mo Bamba,C,21,ORL,57,0,14.6,2.2,4.7,.472,0.6,1.7,.357,1.6,3.0,.538,.537,0.5,0.8,.698,1.6,3.4,5.0,0.7,0.4,1.5,0.7,1.9,5.6
J.J. Barea,PG,35,DAL,23,4,15.4,3.1,7.3,.426,1.2,3.0,.406,1.9,4.3,.440,.509,0.7,0.8,.944,0.4,1.5,2.0,4.0,0.2,0.1,1.5,0.9,8.2
Harrison Barnes,PF,27,SAC,61,61,34.8,5.1,11.1,.459,1.4,3.8,.370,3.7,7.3,.504,.521,3.1,3.9,.805,0.9,3.9,4.8,2.3,0.6,0.1,1.3,1.3,14.7
RJ Barrett,SG,19,NYK,52,51,30.4,5.2,12.9,.400,1.1,3.5,.322,4.0,9.4,.429,.443,2.7,4.4,.597,0.9,4.1,5.0,2.6,0.9,0.3,2.2,2.2,14.1
Will Barton,SF,29,DEN,54,54,32.9,5.6,12.6,.444,1.8,4.7,.376,3.8,7.9,.485,.515,1.8,2.4,.766,1.4,4.9,6.3,3.7,1.0,0.5,1.5,2.1,14.8
Keita Bates-Diop,SF,24,TOT,39,0,17.1,2.3,5.3,.428,0.8,2.4,.330,1.5,2.9,.509,.502,1.3,1.8,.710,0.5,2.3,2.9,0.8,0.4,0.5,0.4,1.0,6.6
Nicolas Batum,SF,31,CHO,22,3,23.0,1.3,3.7,.346,0.6,2.2,.286,0.6,1.5,.438,.432,0.4,0.5,.900,1.1,3.4,4.5,3.0,0.8,0.4,1.0,1.9,3.6
Aron Baynes,C,33,PHO,39,25,21.3,4.1,8.4,.488,1.2,3.5,.331,2.9,4.9,.599,.556,1.2,1.7,.727,1.6,3.8,5.4,1.6,0.2,0.5,1.1,3.4,10.6
Kent Bazemore,SF-SG,30,TOT,61,21,24.9,2.8,7.7,.365,1.2,3.6,.338,1.6,4.1,.388,.443,1.7,2.2,.765,0.4,3.8,4.2,1.3,1.1,0.6,1.3,2.8,8.5
Darius Bazley,PF,19,OKC,53,8,17.2,1.7,4.3,.383,0.6,1.9,.300,1.1,2.5,.446,.448,0.6,0.9,.681,0.4,3.3,3.7,0.5,0.4,0.7,0.8,0.8,4.5
Bradley Beal,SG,26,WAS,54,54,35.9,10.4,22.8,.455,2.9,8.3,.345,7.5,14.6,.518,.517,6.8,8.1,.840,1.0,3.4,4.3,6.1,1.2,0.4,3.4,2.2,30.4
Malik Beasley,SG,23,TOT,52,11,21.5,3.9,9.3,.421,1.9,5.0,.390,2.0,4.3,.457,.526,1.0,1.2,.841,0.3,2.2,2.5,1.4,0.7,0.2,1.0,1.5,10.8
Marco Belinelli,SG,33,SAS,51,0,14.8,2.0,5.2,.380,1.0,2.9,.356,0.9,2.2,.412,.481,0.6,0.8,.780,0.1,1.6,1.7,1.2,0.2,0.0,0.3,0.8,5.6
Jordan Bell,C-PF,25,TOT,29,0,8.8,1.2,2.3,.522,0.1,0.4,.333,1.1,1.9,.564,.552,0.7,1.1,.613,1.0,1.8,2.8,0.6,0.1,0.3,0.7,0.7,3.2
DeAndre' Bembry,SG,25,ATL,43,4,21.3,2.4,5.3,.456,0.3,1.5,.231,2.1,3.8,.546,.489,0.6,1.1,.542,0.8,2.7,3.5,1.9,1.3,0.4,1.4,2.0,5.8
Dragan Bender,SF,22,TOT,13,3,17.8,2.2,5.4,.400,0.8,2.5,.333,1.3,2.8,.459,.479,0.3,0.5,.571,1.0,3.5,4.5,1.5,0.3,0.7,1.3,2.6,5.5
Dāvis Bertāns,PF,27,WAS,51,4,29.4,4.9,11.3,.437,3.6,8.6,.424,1.3,2.6,.481,.599,1.8,2.1,.861,0.7,4.0,4.7,1.7,0.7,0.6,1.1,2.5,15.3
Patrick Beverley,PG,31,LAC,45,45,27.3,2.9,6.9,.426,1.6,4.2,.366,1.4,2.6,.521,.539,0.5,0.8,.632,1.2,4.3,5.5,3.9,1.1,0.6,1.3,3.2,8.0
Khem Birch,C,27,ORL,39,24,19.9,1.4,2.9,.491,0.0,0.0,.000,1.4,2.9,.496,.491,1.1,1.7,.612,1.8,2.8,4.6,0.9,0.4,0.5,0.6,1.9,3.9
Goga Bitadze,C,20,IND,47,2,8.5,1.3,2.7,.476,0.1,0.7,.171,1.1,1.9,.593,.500,0.5,0.7,.710,0.5,1.5,2.0,0.4,0.1,0.7,0.5,1.2,3.1
Bismack Biyombo,C,27,CHO,51,29,19.3,2.9,5.3,.539,0.0,0.0,,2.9,5.3,.539,.539,1.7,2.9,.601,2.3,3.5,5.9,0.9,0.2,0.9,0.9,2.2,7.5
Nemanja Bjelica,PF,31,SAC,61,58,28.5,4.5,9.5,.477,2.0,4.6,.435,2.5,4.8,.517,.583,0.9,1.1,.809,1.7,4.8,6.5,2.8,0.9,0.5,1.4,3.1,11.9
Eric Bledsoe,PG,30,MIL,54,54,27.0,5.6,11.7,.479,1.3,3.6,.351,4.3,8.1,.537,.533,2.9,3.5,.824,0.7,3.9,4.7,5.4,0.9,0.5,2.4,2.1,15.3
Bogdan Bogdanović,SG,27,SAC,50,17,28.3,5.2,12.1,.426,2.6,7.2,.357,2.6,4.9,.526,.531,1.5,2.0,.725,0.3,2.8,3.1,3.1,1.0,0.2,1.7,2.1,14.4
Bojan Bogdanović,SF,30,UTA,60,60,33.3,6.7,15.0,.447,3.1,7.4,.416,3.6,7.6,.476,.549,4.0,4.5,.900,0.6,3.5,4.2,2.1,0.6,0.1,2.5,1.8,20.5
Jonah Bolden,PF,24,TOT,7,0,6.7,0.6,1.6,.364,0.0,0.6,.000,0.6,1.0,.571,.364,0.3,0.6,.500,0.4,0.9,1.3,0.0,0.4,0.3,0.3,1.4,1.4
Marques Bolden,C,21,CLE,1,0,3.0,0.0,0.0,,0.0,0.0,,0.0,0.0,,,0.0,0.0,,0.0,2.0,2.0,0.0,1.0,0.0,0.0,1.0,0.0
Jordan Bone,PG,22,DET,10,0,5.3,0.5,2.0,.250,0.2,1.0,.200,0.3,1.0,.300,.300,0.0,0.0,,0.0,0.4,0.4,0.8,0.1,0.0,0.2,0.6,1.2
Isaac Bonga,SF,20,WAS,56,40,17.8,1.7,3.2,.517,0.4,0.9,.396,1.3,2.3,.567,.575,0.9,1.1,.803,1.1,2.2,3.3,1.1,0.6,0.4,0.7,2.4,4.6
Devin Booker,SG,23,PHO,59,59,36.1,8.7,17.9,.487,2.0,5.6,.357,6.7,12.3,.545,.542,6.5,7.1,.917,0.4,3.7,4.1,6.4,0.7,0.2,3.9,3.0,25.9
Chris Boucher,PF,27,TOR,53,0,13.4,2.2,4.8,.461,0.5,1.8,.292,1.7,3.0,.563,.516,1.5,1.9,.796,1.8,2.8,4.5,0.4,0.4,1.0,0.4,1.9,6.5
Brian Bowen,SG,21,IND,4,0,3.5,0.5,1.3,.400,0.0,0.3,.000,0.5,1.0,.500,.400,0.0,0.0,,0.0,0.8,0.8,0.0,0.0,0.3,0.0,0.0,1.0
Ky Bowman,PG,22,GSW,44,12,22.5,2.9,7.2,.410,0.7,2.4,.305,2.2,4.8,.462,.460,0.8,0.9,.829,0.5,2.1,2.7,3.0,1.0,0.2,1.6,2.2,7.4
Avery Bradley,SG,29,LAL,46,41,23.7,3.4,7.6,.449,1.2,3.3,.367,2.2,4.3,.510,.527,0.4,0.5,.818,0.4,1.9,2.3,1.3,0.9,0.1,0.9,2.2,8.4
Tony Bradley,C,22,UTA,47,2,10.4,2.0,3.0,.662,0.0,0.0,1.000,2.0,3.0,.660,.665,0.5,0.8,.658,1.8,2.5,4.3,0.3,0.2,0.4,0.5,2.0,4.6
Jarrell Brantley,PF,23,UTA,5,0,2.6,0.0,0.0,,0.0,0.0,,0.0,0.0,,,0.0,0.0,,0.0,1.0,1.0,0.2,0.0,0.4,0.4,0.4,0.0
Ignas Brazdeikis,SF,21,NYK,9,0,5.9,0.7,2.4,.273,0.1,1.0,.111,0.6,1.4,.385,.295,0.4,0.6,.800,0.2,0.3,0.6,0.4,0.0,0.1,0.2,0.3,1.9
Mikal Bridges,SF,23,PHO,62,21,26.6,3.1,6.1,.508,0.8,2.4,.351,2.3,3.7,.609,.577,1.3,1.6,.837,0.9,3.0,3.9,1.7,1.5,0.6,1.0,2.2,8.4
Miles Bridges,SF,21,CHO,61,60,30.8,5.0,11.6,.432,1.6,4.7,.342,3.4,7.0,.493,.501,1.6,2.0,.807,1.4,4.1,5.5,1.7,0.6,0.7,1.5,2.0,13.2
Oshae Brissett,SF,21,TOR,19,0,7.1,0.7,1.9,.361,0.2,0.8,.200,0.5,1.1,.476,.403,0.4,0.5,.800,0.5,0.9,1.4,0.4,0.2,0.1,0.4,0.9,1.9
Ryan Broekhoff,SG,29,DAL,17,1,10.6,1.3,3.5,.373,1.2,3.0,.392,0.1,0.5,.250,.542,0.4,0.5,.875,0.3,2.2,2.5,0.6,0.3,0.2,0.4,0.9,4.2
Malcolm Brogdon,PG,27,IND,48,48,30.7,6.0,13.7,.439,1.3,4.1,.313,4.8,9.7,.491,.485,3.0,3.4,.895,0.8,3.9,4.7,7.1,0.7,0.2,2.4,1.8,16.3
Dillon Brooks,SG,24,MEM,62,62,28.4,5.7,14.2,.404,2.0,5.5,.367,3.7,8.8,.427,.474,2.2,2.7,.808,1.0,2.3,3.3,2.0,0.9,0.4,1.6,3.8,15.7
Bruce Brown,SG,23,DET,56,42,28.1,3.4,7.6,.443,0.6,1.6,.337,2.8,6.0,.472,.479,1.6,2.1,.737,1.0,3.7,4.7,3.9,1.1,0.5,1.7,2.8,8.9
Charlie Brown,SG,22,ATL,10,0,4.0,0.6,1.9,.316,0.3,0.9,.333,0.3,1.0,.300,.395,0.5,0.5,1.000,0.2,0.2,0.4,0.2,0.2,0.2,0.3,0.3,2.0
Jaylen Brown,SF,23,BOS,50,50,34.0,7.6,15.4,.490,2.1,5.6,.381,5.4,9.8,.552,.559,3.2,4.3,.736,1.1,5.3,6.4,2.2,1.1,0.3,2.3,3.0,20.4
Moses Brown,C,20,POR,9,0,3.7,0.4,1.1,.400,0.0,0.0,,0.4,1.1,.400,.400,0.3,0.9,.375,0.3,1.2,1.6,0.1,0.1,0.1,0.3,0.8,1.2
Sterling Brown,SF,24,MIL,44,0,14.3,1.7,4.6,.366,0.8,2.4,.311,0.9,2.2,.427,.448,0.6,0.8,.788,0.6,3.0,3.6,1.0,0.5,0.1,0.8,1.0,4.7
Troy Brown,SG,20,WAS,58,14,24.8,3.8,8.3,.457,0.8,2.4,.333,3.0,6.0,.506,.504,1.4,1.8,.745,1.1,4.3,5.3,2.3,1.3,0.1,1.0,1.8,9.8
Jalen Brunson,PG,23,DAL,57,16,17.9,3.2,6.8,.466,0.8,2.1,.358,2.4,4.7,.515,.522,1.1,1.3,.813,0.4,2.0,2.4,3.3,0.4,0.1,1.2,1.3,8.2
Thomas Bryant,C,22,WAS,35,25,23.9,5.0,8.3,.605,0.6,1.4,.400,4.5,6.9,.647,.639,1.7,2.4,.726,2.0,4.9,6.9,2.0,0.4,0.9,1.3,2.2,12.4
Reggie Bullock,SG,28,NYK,26,19,24.3,3.3,8.3,.398,1.4,4.1,.336,1.9,4.2,.459,.481,0.6,0.7,.842,0.5,1.9,2.4,1.4,1.0,0.0,0.6,2.0,8.6
Trey Burke,PG,27,PHI,25,0,13.2,2.4,5.1,.465,0.6,1.5,.421,1.7,3.6,.483,.528,0.5,0.7,.722,0.6,0.8,1.4,2.1,0.3,0.0,0.5,0.8,5.9
Alec Burks,SG,28,TOT,56,18,27.8,4.9,12.1,.402,1.7,4.6,.364,3.2,7.5,.426,.472,3.9,4.3,.897,0.7,3.8,4.5,2.9,1.0,0.3,1.4,2.1,15.3
Deonte Burton,SG,26,OKC,33,0,8.5,1.2,3.1,.369,0.3,1.4,.222,0.8,1.8,.483,.417,0.2,0.4,.500,0.2,1.2,1.4,0.3,0.2,0.3,0.4,0.8,2.8
Jimmy Butler,SF,30,MIA,52,52,34.4,6.1,13.5,.454,0.6,2.3,.248,5.6,11.2,.495,.474,7.5,9.0,.832,1.8,4.9,6.8,6.3,1.7,0.6,2.3,1.4,20.3
Bruno Caboclo,SF,24,TOT,25,0,8.2,1.2,2.9,.403,0.2,1.1,.148,1.0,1.8,.556,.431,0.2,0.2,.800,0.8,1.2,1.9,0.4,0.5,0.6,0.4,1.0,2.6
Kentavious Caldwell-Pope,SG,26,LAL,60,20,25.5,3.5,7.5,.470,1.4,3.6,.397,2.1,3.9,.536,.565,1.2,1.6,.779,0.6,1.5,2.1,1.7,0.9,0.2,0.9,1.8,9.7
Vlatko Čančar,SF,22,DEN,14,0,3.2,0.4,1.1,.400,0.1,0.4,.167,0.4,0.6,.556,.433,0.3,0.3,1.000,0.4,0.4,0.7,0.2,0.1,0.1,0.2,0.5,1.2
Clint Capela,C,25,HOU,39,39,32.8,6.3,9.9,.629,0.0,0.0,,6.3,9.9,.629,.629,1.4,2.7,.529,4.3,9.5,13.8,1.2,0.8,1.8,1.6,2.6,13.9
DeMarre Carroll,SF,33,TOT,18,0,10.1,0.7,2.2,.325,0.3,1.2,.238,0.4,1.1,.421,.388,0.8,1.4,.560,0.5,1.8,2.3,0.9,0.2,0.2,0.8,1.3,2.5
Jevon Carter,PG,24,PHO,47,2,14.6,1.6,3.9,.402,0.9,2.1,.406,0.7,1.8,.398,.514,0.3,0.4,.789,0.5,1.3,1.8,1.3,0.8,0.2,0.6,1.5,4.3
Vince Carter,SF,43,ATL,56,0,14.5,1.7,5.0,.344,1.0,3.3,.290,0.8,1.7,.448,.440,0.4,0.5,.793,0.3,1.8,2.1,0.8,0.4,0.4,0.6,1.5,4.8
Wendell Carter,C,20,CHI,40,40,29.4,4.3,8.1,.529,0.2,0.7,.214,4.2,7.4,.559,.538,2.6,3.5,.729,3.4,6.4,9.8,1.2,0.8,0.9,1.6,3.7,11.3
Michael Carter-Williams,SG,28,ORL,39,0,17.9,2.3,5.5,.407,0.4,1.5,.267,1.8,4.0,.462,.444,1.5,1.8,.803,1.1,2.4,3.4,2.4,1.1,0.5,1.1,1.8,6.4
Alex Caruso,PG,25,LAL,55,1,18.1,1.9,4.5,.424,0.7,1.9,.350,1.3,2.7,.476,.496,1.0,1.3,.770,0.2,1.7,1.9,1.8,1.1,0.3,0.8,1.5,5.5
Willie Cauley-Stein,C,26,TOT,51,39,20.9,3.3,5.7,.575,0.0,0.0,.000,3.3,5.7,.577,.575,0.8,1.2,.619,1.6,4.3,5.9,1.3,1.0,1.2,0.8,2.3,7.4
Tyson Chandler,C,37,HOU,26,5,8.4,0.5,0.7,.778,0.0,0.0,,0.5,0.7,.778,.778,0.2,0.5,.462,1.0,1.6,2.5,0.2,0.2,0.3,0.3,1.2,1.3
Wilson Chandler,SF,32,BRK,32,0,20.9,2.2,5.3,.409,1.0,3.4,.300,1.2,1.9,.607,.506,0.6,0.7,.857,0.3,3.8,4.2,1.1,0.5,0.4,1.0,2.2,6.0
Joe Chealey,PG,24,CHO,3,0,10.3,0.0,2.3,.000,0.0,1.3,.000,0.0,1.0,.000,.000,0.7,0.7,1.000,0.0,0.0,0.0,0.3,1.3,0.0,0.7,0.7,0.7
Zylan Cheatham,SF,24,NOP,3,0,10.3,0.7,1.7,.400,0.0,0.3,.000,0.7,1.3,.500,.400,0.0,0.0,,0.3,1.7,2.0,0.7,0.0,0.3,1.0,1.7,1.3
Chris Chiozza,PG,24,TOT,18,0,11.0,1.2,3.2,.362,0.7,1.6,.414,0.5,1.6,.310,.466,0.1,0.1,1.000,0.2,1.2,1.4,2.2,0.8,0.1,0.8,1.0,3.1
Marquese Chriss,PF,22,GSW,56,18,19.8,3.5,6.4,.546,0.1,0.7,.216,3.3,5.7,.584,.557,2.0,2.6,.759,1.8,4.1,5.9,1.8,0.7,1.1,1.4,2.1,9.1
Gary Clark,PF,25,TOT,32,1,12.7,1.2,3.1,.388,0.9,2.6,.333,0.3,0.4,.714,.531,0.3,0.3,.889,0.8,1.7,2.5,0.4,0.1,0.4,0.1,0.9,3.5
Brandon Clarke,PF,23,MEM,50,3,21.7,5.1,8.2,.623,0.4,1.0,.404,4.7,7.1,.654,.648,1.5,1.9,.785,1.6,4.3,5.8,1.4,0.5,0.8,0.9,1.6,12.0
Jordan Clarkson,SG,27,TOT,60,0,24.2,5.6,12.0,.465,2.1,5.6,.377,3.5,6.4,.542,.553,2.0,2.3,.842,0.8,1.9,2.7,2.0,0.7,0.3,1.3,1.4,15.2
Nicolas Claxton,PF,20,BRK,15,0,12.5,1.8,3.2,.563,0.1,0.5,.143,1.7,2.7,.634,.573,0.7,1.4,.524,1.3,1.7,2.9,1.1,0.1,0.5,0.6,0.9,4.4
Chris Clemons,SG,22,HOU,28,0,8.8,1.8,4.4,.403,1.2,3.3,.355,0.6,1.1,.548,.536,0.2,0.3,.857,0.1,0.7,0.8,0.8,0.2,0.2,0.6,0.7,5.0
Antonius Cleveland,SG,25,DAL,6,0,3.7,0.3,1.0,.333,0.0,0.2,.000,0.3,0.8,.400,.333,0.2,0.3,.500,0.0,0.5,0.5,0.0,0.2,0.2,0.2,0.3,0.8
Amir Coffey,SG,22,LAC,10,0,8.3,1.1,2.5,.440,0.1,0.5,.200,1.0,2.0,.500,.460,0.1,0.3,.333,0.4,0.9,1.3,0.7,0.1,0.1,0.2,0.9,2.4
John Collins,PF,22,ATL,37,37,32.6,8.5,14.6,.579,1.5,3.6,.406,7.0,11.0,.635,.628,2.8,3.4,.810,2.7,7.3,10.1,1.5,0.7,1.6,1.9,3.4,21.1
Zach Collins,PF,22,POR,3,3,28.7,3.0,6.3,.474,1.0,2.3,.429,2.0,4.0,.500,.553,2.0,2.0,1.000,1.3,2.7,4.0,2.0,0.0,0.7,2.0,3.7,9.0
Mike Conley,PG,32,UTA,38,32,28.2,4.7,11.7,.404,1.8,5.0,.363,2.9,6.7,.434,.481,2.3,2.9,.786,0.6,2.6,3.2,4.3,0.6,0.1,1.8,2.2,13.6
Pat Connaughton,SG,27,MIL,58,0,18.2,1.9,4.2,.465,0.8,2.2,.338,1.2,1.9,.611,.556,0.4,0.5,.724,0.9,3.3,4.2,1.6,0.3,0.5,0.7,0.9,5.0
Quinn Cook,PG,26,LAL,38,0,10.8,2.0,4.6,.439,0.7,1.7,.379,1.3,2.8,.477,.512,0.2,0.2,.667,0.2,0.9,1.1,1.1,0.3,0.0,0.7,0.6,4.8
Tyler Cook,PF,22,CLE,11,0,3.2,0.6,0.9,.700,0.0,0.0,,0.6,0.9,.700,.700,0.5,0.5,.833,0.4,0.5,0.9,0.1,0.1,0.0,0.1,0.4,1.7
Robert Covington,PF,29,TOT,58,56,29.9,4.5,10.5,.432,2.4,6.9,.350,2.1,3.6,.589,.547,1.4,1.8,.806,0.8,5.6,6.4,1.2,1.6,1.2,1.4,3.1,12.9
Allen Crabbe,SG,27,TOT,37,1,17.6,1.7,4.8,.356,1.0,3.2,.303,0.7,1.6,.466,.458,0.3,0.4,.714,0.3,1.8,2.1,0.9,0.4,0.1,0.5,1.3,4.6
Torrey Craig,SF,29,DEN,46,19,17.8,2.0,4.3,.459,0.7,2.2,.327,1.2,2.1,.600,.543,0.4,0.7,.645,1.0,2.3,3.3,0.7,0.3,0.7,0.4,2.2,5.1
Jae Crowder,SF,29,TOT,56,46,29.5,3.4,8.9,.385,2.0,6.2,.322,1.5,2.8,.526,.496,1.7,2.2,.785,0.8,5.3,6.1,2.6,1.2,0.3,1.1,2.2,10.6
Jarrett Culver,SG,20,MIN,60,35,24.0,3.6,9.1,.399,1.1,3.6,.298,2.6,5.5,.464,.457,0.9,1.9,.459,1.1,2.3,3.4,1.8,0.9,0.6,1.3,2.0,9.2
Seth Curry,SG,29,DAL,58,19,24.7,4.5,9.0,.495,2.3,5.1,.455,2.1,3.9,.549,.624,1.3,1.5,.841,0.4,1.9,2.4,2.1,0.6,0.1,1.0,1.7,12.5
Stephen Curry,PG,31,GSW,4,4,28.0,6.8,16.5,.409,2.3,9.3,.243,4.5,7.3,.621,.477,4.5,4.5,1.000,1.0,4.0,5.0,6.5,1.3,0.5,3.8,2.5,20.3
Troy Daniels,SG,28,LAL,41,0,11.1,1.5,3.9,.392,1.0,2.7,.357,0.5,1.1,.478,.519,0.2,0.4,.625,0.3,0.8,1.1,0.3,0.2,0.1,0.2,0.7,4.2
Anthony Davis,PF,26,LAL,52,52,34.4,9.2,17.9,.513,1.2,3.4,.337,8.0,14.5,.554,.545,7.0,8.3,.843,2.3,7.2,9.5,3.2,1.5,2.5,2.5,2.4,26.6
Ed Davis,C,30,UTA,25,0,10.7,0.6,1.4,.412,0.0,0.0,,0.6,1.4,.412,.412,0.2,0.4,.455,1.2,2.6,3.8,0.3,0.4,0.4,0.5,2.2,1.3
Terence Davis,SG,22,TOR,61,2,17.4,2.9,6.2,.470,1.4,3.5,.405,1.5,2.7,.555,.584,0.7,0.8,.857,0.8,2.7,3.5,1.7,0.5,0.2,1.0,1.6,8.0
Dewayne Dedmon,C,30,TOT,40,14,17.0,2.2,5.4,.407,0.5,2.3,.209,1.7,3.1,.553,.451,0.7,0.8,.839,1.2,4.1,5.3,0.5,0.5,1.0,1.3,3.0,5.5
Matthew Dellavedova,PG,29,CLE,54,1,13.2,1.0,2.9,.338,0.3,1.5,.198,0.7,1.4,.487,.389,0.5,0.6,.867,0.3,0.9,1.2,2.7,0.3,0.0,0.9,1.3,2.7
DeMar DeRozan,SF,30,SAS,58,58,34.2,8.3,15.7,.527,0.1,0.5,.267,8.2,15.2,.536,.532,5.5,6.6,.842,0.6,5.0,5.6,5.4,1.0,0.2,2.4,2.7,22.2
Cheick Diallo,C,23,PHO,41,2,10.4,2.0,3.0,.661,0.0,0.0,.500,2.0,3.0,.664,.665,0.7,0.9,.857,0.6,2.2,2.8,0.5,0.2,0.3,0.7,1.3,4.8
Hamidou Diallo,SF,21,OKC,36,3,18.2,2.6,5.8,.445,0.1,0.9,.156,2.4,4.9,.497,.457,0.8,1.2,.643,0.8,2.5,3.3,0.6,0.8,0.2,1.0,2.1,6.1
Gorgui Dieng,C,30,TOT,55,17,17.5,2.8,6.1,.459,0.9,2.5,.357,1.9,3.5,.534,.535,1.1,1.4,.779,1.6,4.3,5.8,1.2,0.9,1.0,1.0,1.9,7.6
Spencer Dinwiddie,SG,26,BRK,61,46,31.1,6.7,16.1,.413,1.9,6.3,.305,4.7,9.8,.483,.473,5.3,6.8,.776,0.5,3.0,3.5,6.7,0.6,0.3,2.7,2.8,20.5
Donte DiVincenzo,SG,23,MIL,57,22,22.9,3.4,7.5,.456,1.2,3.7,.340,2.2,3.8,.566,.539,1.1,1.4,.779,1.0,3.9,4.9,2.2,1.4,0.3,1.2,1.6,9.1
Luka Dončić,PG,20,DAL,50,50,33.1,9.4,20.3,.461,2.8,9.0,.316,6.5,11.4,.576,.531,6.9,9.1,.760,1.3,8.2,9.5,8.8,1.0,0.2,4.3,2.5,28.5
Luguentz Dort,SG,20,OKC,27,19,21.7,2.2,5.2,.418,0.7,2.6,.290,1.4,2.7,.542,.489,1.0,1.3,.778,0.5,1.3,1.8,0.7,0.8,0.0,0.5,2.6,6.1
Damyean Dotson,SG,25,NYK,47,0,17.5,2.5,6.0,.418,1.3,3.4,.366,1.3,2.6,.488,.523,0.5,0.7,.688,0.2,1.7,1.9,1.2,0.5,0.1,0.4,0.9,6.7
Sekou Doumbouya,SF,19,DET,35,19,19.9,2.4,6.3,.386,0.8,2.7,.295,1.6,3.6,.456,.450,0.9,1.3,.682,0.5,2.7,3.2,0.4,0.5,0.2,1.0,2.2,6.5
PJ Dozier,PG,23,DEN,20,0,11.7,1.8,4.5,.400,0.4,1.4,.250,1.5,3.1,.468,.439,0.4,0.6,.636,0.3,1.3,1.5,1.5,0.4,0.3,0.6,1.4,4.3
Goran Dragić,PG,33,MIA,51,1,28.5,5.5,12.3,.447,2.3,5.9,.389,3.2,6.4,.500,.540,3.1,4.1,.766,0.5,2.6,3.1,5.1,0.6,0.2,2.4,1.9,16.5
Andre Drummond,C,26,TOT,55,54,32.9,7.3,13.7,.529,0.1,0.6,.152,7.2,13.1,.546,.532,2.9,5.0,.577,4.4,10.8,15.3,2.7,1.9,1.6,3.6,3.5,17.5
Jared Dudley,SF,34,LAL,40,1,7.8,0.5,1.3,.400,0.4,0.9,.471,0.1,0.4,.250,.560,0.1,0.1,1.000,0.1,1.0,1.1,0.5,0.3,0.1,0.2,0.9,1.5
Kris Dunn,PG,25,CHI,51,32,24.9,3.0,6.7,.444,0.6,2.2,.259,2.4,4.5,.535,.487,0.8,1.1,.741,0.5,3.2,3.6,3.4,2.0,0.3,1.3,3.1,7.3
Carsen Edwards,SG,21,BOS,35,0,9.0,1.1,3.2,.327,0.6,1.9,.309,0.5,1.3,.356,.420,0.3,0.4,.846,0.2,1.1,1.2,0.6,0.3,0.1,0.4,0.9,3.0
Henry Ellenson,PF,23,BRK,5,0,3.0,0.2,1.4,.143,0.0,0.8,.000,0.2,0.6,.333,.143,0.0,0.0,,0.4,0.8,1.2,0.2,0.0,0.0,0.0,0.2,0.4
Wayne Ellington,SG,32,NYK,32,1,15.5,1.8,4.8,.361,1.4,4.0,.354,0.3,0.9,.393,.506,0.3,0.4,.846,0.1,1.5,1.7,1.1,0.4,0.1,0.5,1.1,5.3
Joel Embiid,C,25,PHI,43,43,30.3,7.5,15.9,.472,1.3,3.7,.342,6.3,12.2,.511,.512,7.0,8.6,.814,2.7,9.0,11.8,3.1,0.9,1.3,3.0,3.4,23.3
James Ennis,SF,29,TOT,58,7,17.0,2.1,4.9,.437,0.8,2.3,.333,1.4,2.6,.526,.514,1.1,1.3,.803,1.0,2.2,3.3,0.8,0.4,0.3,0.7,1.7,6.1
Drew Eubanks,PF,22,SAS,11,2,7.8,1.5,1.9,.762,0.1,0.1,1.000,1.4,1.8,.750,.786,0.5,0.8,.667,0.6,1.5,2.2,0.2,0.0,0.3,0.6,1.2,3.5
Jacob Evans,SG,22,TOT,29,1,14.4,1.6,4.6,.336,0.4,1.3,.333,1.1,3.3,.337,.384,0.9,1.0,.862,0.3,1.1,1.4,1.1,0.4,0.4,0.9,1.4,4.4
Dante Exum,SG,24,TOT,35,1,13.9,1.6,3.4,.471,0.4,1.2,.349,1.2,2.2,.539,.534,0.9,1.2,.744,0.3,1.6,1.9,1.1,0.4,0.2,0.9,1.1,4.5
Tacko Fall,C,24,BOS,6,0,4.0,1.5,2.0,.750,0.0,0.0,,1.5,2.0,.750,.750,0.2,0.5,.333,0.0,1.8,1.8,0.0,0.0,0.3,0.5,0.8,3.2
Derrick Favors,C,28,NOP,43,41,24.2,4.2,6.8,.619,0.0,0.2,.143,4.2,6.7,.631,.621,0.8,1.4,.574,3.3,6.8,10.0,1.7,0.6,1.0,1.1,2.2,9.3
Cristiano Felício,PF,27,CHI,21,0,18.2,1.6,2.6,.630,0.0,0.1,.000,1.6,2.5,.654,.630,0.9,1.1,.783,2.6,2.2,4.9,0.8,0.5,0.1,0.9,1.6,4.1
Terrance Ferguson,SF,21,OKC,48,36,23.7,1.5,4.0,.371,1.0,3.2,.303,0.5,0.9,.619,.490,0.3,0.4,.789,0.5,1.0,1.5,0.9,0.5,0.3,0.6,3.0,4.3
Bruno Fernando,C,21,ATL,52,13,12.9,1.9,3.7,.518,0.1,0.7,.135,1.8,3.0,.609,.531,0.6,1.0,.580,1.3,2.4,3.6,0.9,0.3,0.3,0.8,2.0,4.5
Yogi Ferrell,PG,26,SAC,43,0,11.2,1.6,3.9,.399,0.4,1.6,.279,1.1,2.3,.480,.455,0.7,0.8,.857,0.1,1.0,1.1,1.4,0.3,0.1,0.6,0.7,4.3
Dorian Finney-Smith,PF,26,DAL,63,60,29.5,3.3,7.1,.465,1.5,4.1,.371,1.8,3.0,.596,.573,1.1,1.5,.722,2.0,3.6,5.5,1.5,0.7,0.6,1.0,2.4,9.2
Bryn Forbes,SG,26,SAS,60,59,25.2,3.9,9.3,.415,2.4,6.1,.385,1.5,3.2,.471,.541,1.2,1.4,.821,0.2,1.8,2.0,1.8,0.5,0.0,0.9,1.8,11.2
Evan Fournier,SG,27,ORL,61,61,31.7,6.7,14.2,.470,2.7,6.7,.406,4.0,7.6,.525,.564,2.8,3.4,.820,0.3,2.3,2.6,3.2,1.1,0.2,2.0,2.4,18.8
De'Aaron Fox,PG,22,SAC,42,40,31.7,7.4,15.4,.477,1.1,3.4,.319,6.3,12.1,.521,.512,4.6,6.7,.681,0.7,3.3,4.0,6.7,1.5,0.5,3.2,2.9,20.4
Melvin Frazier,SG,23,ORL,15,0,3.4,0.4,1.1,.353,0.3,0.5,.571,0.1,0.7,.200,.471,0.1,0.3,.500,0.1,0.2,0.3,0.1,0.3,0.1,0.2,0.5,1.2
Michael Frazier,SG,25,HOU,8,0,8.3,0.5,1.4,.364,0.3,1.0,.250,0.3,0.4,.667,.455,0.5,0.8,.667,0.1,0.3,0.4,0.1,0.3,0.0,0.3,1.6,1.8
Tim Frazier,PG,29,DET,27,11,13.1,1.3,3.5,.362,0.4,1.1,.333,0.9,2.4,.375,.415,0.7,0.9,.792,0.3,0.9,1.2,3.4,0.5,0.1,1.3,1.6,3.6
Markelle Fultz,PG,21,ORL,61,56,28.3,4.8,10.4,.465,0.4,1.8,.241,4.4,8.6,.513,.487,1.6,2.2,.739,0.5,2.8,3.3,5.2,1.3,0.1,2.1,1.9,11.7
Wenyen Gabriel,PF,22,TOT,25,1,7.6,0.6,1.6,.400,0.2,0.7,.235,0.5,0.9,.522,.450,0.4,0.6,.688,0.6,1.0,1.6,0.3,0.3,0.2,0.6,1.3,1.9
Daniel Gafford,C,21,CHI,40,7,13.8,2.2,3.2,.693,0.0,0.0,,2.2,3.2,.693,.693,0.7,1.4,.509,1.2,1.3,2.5,0.4,0.3,1.3,0.6,2.2,5.1
Danilo Gallinari,PF,31,OKC,53,53,30.7,6.0,13.6,.439,3.0,7.4,.410,2.9,6.2,.474,.551,4.2,4.8,.889,0.6,5.0,5.6,2.1,0.8,0.1,1.3,1.2,19.2
Langston Galloway,SG,28,DET,63,6,25.8,3.5,8.1,.431,2.0,5.1,.398,1.5,3.1,.485,.555,1.1,1.3,.857,0.5,1.7,2.2,1.5,0.7,0.2,0.6,1.5,10.2
Darius Garland,PG,20,CLE,59,59,30.9,4.7,11.8,.401,1.8,5.0,.355,3.0,6.8,.434,.476,1.1,1.2,.875,0.5,1.4,1.9,3.9,0.7,0.1,2.6,1.6,12.3
Marc Gasol,C,35,TOR,35,35,27.8,2.8,6.6,.424,1.4,3.5,.403,1.4,3.1,.449,.532,0.7,1.0,.722,0.8,5.6,6.5,3.5,0.8,0.9,1.2,2.9,7.8
Rudy Gay,PF,33,SAS,57,5,21.2,3.5,8.1,.437,0.9,2.9,.315,2.6,5.2,.507,.495,1.6,1.9,.869,0.9,4.4,5.3,1.7,0.4,0.5,1.4,1.5,9.6
Paul George,SF,29,LAC,39,39,29.1,7.0,16.2,.430,3.3,8.1,.404,3.7,8.2,.456,.531,3.8,4.3,.888,0.5,5.3,5.8,3.8,1.3,0.5,2.8,2.4,21.1
Taj Gibson,C,34,NYK,58,52,16.5,2.7,4.6,.581,0.1,0.2,.250,2.6,4.4,.596,.586,0.7,0.9,.722,1.8,2.6,4.4,0.9,0.4,0.4,0.8,2.0,6.1
Harry Giles,PF,21,SAC,35,14,15.2,3.1,5.5,.560,0.0,0.0,,3.1,5.5,.560,.560,0.9,1.2,.767,0.9,3.3,4.2,1.3,0.5,0.4,0.9,2.7,7.1
Shai Gilgeous-Alexander,SG,21,OKC,62,62,35.4,7.0,14.9,.471,1.2,3.5,.352,5.8,11.4,.508,.513,4.0,5.0,.801,0.7,5.4,6.1,3.3,1.1,0.7,1.9,1.7,19.3
Rudy Gobert,C,27,UTA,59,59,34.6,5.9,8.4,.699,0.0,0.0,,5.9,8.4,.699,.699,3.7,5.9,.622,3.5,10.5,14.0,1.5,0.7,2.0,2.0,3.1,15.4
Brandon Goodwin,PG,24,ATL,32,1,12.9,2.3,5.7,.399,0.8,2.6,.301,1.5,3.1,.480,.467,0.9,0.9,.933,0.3,1.9,2.2,1.5,0.3,0.1,0.8,1.3,6.2
Aaron Gordon,PF,24,ORL,55,55,32.9,5.4,12.5,.434,1.2,3.9,.309,4.2,8.5,.493,.483,2.3,3.5,.674,1.7,5.8,7.5,3.6,0.8,0.6,1.6,2.0,14.4
Eric Gordon,SG,31,HOU,32,13,28.7,4.8,13.0,.373,2.8,8.5,.326,2.1,4.4,.465,.481,2.3,3.1,.747,0.3,1.7,1.9,1.6,0.7,0.3,1.1,2.0,14.8
Devonte' Graham,PG,24,CHO,59,49,35.0,5.6,15.1,.374,3.4,9.2,.366,2.3,5.9,.385,.485,3.0,3.7,.807,0.7,2.8,3.5,7.5,0.9,0.3,2.9,1.9,17.6
Treveon Graham,SG,26,TOT,51,20,17.0,1.6,4.5,.352,0.6,2.2,.264,1.0,2.3,.436,.416,0.7,1.0,.667,0.9,1.8,2.7,0.8,0.5,0.1,0.5,1.8,4.4
Jerami Grant,PF,25,DEN,60,22,26.4,4.1,8.7,.469,1.4,3.5,.396,2.7,5.3,.517,.548,2.0,2.8,.739,0.8,2.7,3.6,1.2,0.6,0.8,0.9,2.2,11.6
Josh Gray,PG,26,NOP,2,0,11.5,0.5,1.0,.500,0.0,0.0,,0.5,1.0,.500,.500,0.0,0.0,,0.5,0.5,1.0,1.0,0.0,0.0,2.5,0.5,1.0
Danny Green,SG,32,LAL,58,58,24.9,3.0,7.1,.423,1.9,5.0,.378,1.1,2.1,.528,.556,0.6,0.8,.727,0.7,2.7,3.4,1.4,1.2,0.5,0.9,2.1,8.4
Draymond Green,PF,29,GSW,43,43,28.4,2.9,7.3,.389,0.8,3.0,.279,2.0,4.3,.465,.446,1.5,1.9,.759,0.5,5.7,6.2,6.2,1.4,0.8,2.3,2.6,8.0
JaMychal Green,PF,29,LAC,52,0,20.6,2.2,5.4,.408,1.3,3.7,.361,0.9,1.8,.505,.530,0.6,0.8,.738,1.3,4.9,6.3,0.7,0.5,0.4,0.8,2.7,6.3
Javonte Green,SF,26,BOS,43,1,9.3,1.1,2.3,.505,0.1,0.5,.261,1.0,1.7,.581,.536,0.5,0.8,.639,0.4,1.4,1.8,0.5,0.5,0.2,0.4,0.9,3.0
Jeff Green,PF,33,TOT,36,2,18.3,2.5,6.2,.410,1.2,3.4,.352,1.3,2.8,.480,.507,1.5,1.9,.783,0.4,2.3,2.7,0.8,0.4,0.4,0.9,1.6,7.8
Blake Griffin,PF,30,DET,18,18,28.4,4.9,13.9,.352,1.5,6.2,.243,3.4,7.7,.439,.406,4.2,5.4,.776,0.9,3.7,4.7,3.3,0.4,0.4,2.2,1.5,15.5
Marko Guduric,SG,24,MEM,40,0,11.8,1.5,3.8,.401,0.6,2.0,.316,0.9,1.8,.493,.484,0.6,0.6,.920,0.4,1.4,1.8,1.1,0.3,0.2,0.9,0.8,4.3
Kyle Guy,SG,22,SAC,2,0,2.0,0.5,1.0,.500,0.0,0.5,.000,0.5,0.5,1.000,.500,0.0,0.0,,0.0,0.0,0.0,0.0,0.0,0.0,0.0,0.0,1.0
Rui Hachimura,PF,21,WAS,38,38,29.4,5.6,11.5,.491,0.5,1.8,.286,5.1,9.6,.530,.514,2.2,2.7,.825,1.5,4.4,6.0,1.7,0.8,0.1,1.0,2.2,14.0
Devon Hall,SG,24,OKC,5,0,4.0,0.2,1.0,.200,0.0,0.4,.000,0.2,0.6,.333,.200,0.6,0.8,.750,0.0,0.2,0.2,0.6,0.0,0.0,0.2,0.2,1.0
Donta Hall,PF,22,DET,3,0,13.7,0.3,1.3,.250,0.0,0.0,,0.3,1.3,.250,.250,1.0,1.3,.750,1.7,2.0,3.7,0.7,0.3,0.3,0.7,1.7,1.7
Dusty Hannahs,SG,26,MEM,2,0,6.5,2.0,4.5,.444,1.0,1.5,.667,1.0,3.0,.333,.556,1.0,1.0,1.000,0.0,0.5,0.5,0.0,0.0,0.0,0.0,0.5,6.0
Tim Hardaway,SG,27,DAL,60,47,28.3,5.4,12.3,.437,2.9,7.1,.404,2.5,5.3,.481,.553,2.0,2.4,.807,0.4,2.7,3.0,2.0,0.6,0.1,1.0,1.7,15.6
James Harden,SG,30,HOU,57,57,36.8,10.1,23.0,.439,4.6,12.8,.358,5.5,10.2,.541,.538,10.2,11.8,.867,1.1,5.2,6.3,7.4,1.7,0.9,4.4,3.4,34.9
Maurice Harkless,SF,26,TOT,58,44,23.1,2.3,4.5,.506,0.6,1.6,.370,1.7,2.9,.579,.570,0.6,1.0,.579,0.9,3.1,4.0,1.0,1.0,0.6,0.9,2.4,5.7
Jared Harper,PG,22,PHO,3,0,2.7,0.3,1.3,.250,0.0,0.7,.000,0.3,0.7,.500,.250,0.0,0.0,,0.0,0.0,0.0,0.0,0.0,0.0,0.0,0.0,0.7
Montrezl Harrell,C,26,LAC,60,2,27.9,7.6,13.0,.580,0.0,0.3,.000,7.6,12.8,.592,.580,3.6,5.5,.652,2.7,4.4,7.1,1.7,0.7,1.1,1.7,2.3,18.7
Gary Harris,SG,25,DEN,52,51,31.9,3.8,9.3,.407,1.2,3.8,.316,2.6,5.6,.469,.471,1.3,1.6,.829,0.5,2.5,2.9,2.2,1.3,0.3,1.1,2.2,10.1
Joe Harris,SF,28,BRK,60,60,31.0,5.2,11.2,.462,2.4,5.9,.410,2.8,5.3,.521,.570,1.0,1.3,.734,1.0,3.4,4.4,2.1,0.6,0.3,1.5,2.2,13.7
Tobias Harris,PF,27,PHI,62,62,34.6,7.5,15.9,.474,1.8,4.9,.364,5.8,11.0,.523,.530,2.3,2.9,.801,0.8,5.9,6.7,3.1,0.8,0.5,1.5,2.3,19.2
Shaquille Harrison,SF,26,CHI,40,7,9.6,1.6,3.4,.459,0.3,0.8,.333,1.3,2.6,.500,.500,0.9,1.2,.761,0.4,1.2,1.6,1.0,0.7,0.3,0.5,1.0,4.3
Josh Hart,SF,24,NOP,55,14,27.4,3.5,8.4,.421,2.0,5.7,.346,1.6,2.7,.577,.538,1.1,1.5,.741,0.9,5.5,6.4,1.7,1.0,0.4,1.1,2.5,10.2
Isaiah Hartenstein,C,21,HOU,23,2,11.6,1.9,2.9,.657,0.0,0.2,.000,1.9,2.7,.710,.657,0.8,1.2,.679,1.3,2.7,3.9,0.8,0.4,0.5,0.7,1.8,4.7
Udonis Haslem,PF,39,MIA,3,0,7.0,0.3,2.0,.167,0.0,0.7,.000,0.3,1.3,.250,.167,1.0,1.3,.750,0.0,2.7,2.7,0.3,0.0,0.0,0.0,1.0,1.7
Jaxson Hayes,C,19,NOP,56,12,17.0,2.8,4.2,.660,0.0,0.1,.250,2.8,4.1,.667,.662,1.9,3.1,.630,1.5,2.5,4.0,0.9,0.4,0.9,0.7,2.5,7.5
Gordon Hayward,SF,29,BOS,43,43,33.2,6.7,13.2,.503,1.6,4.1,.383,5.1,9.2,.556,.562,2.0,2.4,.854,1.0,5.5,6.5,4.1,0.7,0.4,1.8,1.7,16.9
John Henson,PF,29,TOT,38,6,15.1,2.4,4.3,.552,0.2,0.9,.206,2.2,3.4,.643,.574,0.6,1.2,.500,1.2,2.9,4.2,1.4,0.6,1.1,0.8,1.9,5.5
Dewan Hernandez,C,23,TOR,4,0,2.8,0.3,1.3,.200,0.0,0.3,.000,0.3,1.0,.250,.200,0.5,0.5,1.000,0.5,1.3,1.8,0.0,0.3,0.0,0.3,1.5,1.0
Juan Hernangómez,PF,24,TOT,45,11,16.6,2.0,4.9,.407,0.9,2.5,.345,1.1,2.4,.472,.495,0.9,1.4,.615,0.9,2.9,3.8,0.8,0.4,0.2,0.7,1.2,5.8
Willy Hernangómez,C,25,CHO,29,0,11.5,2.3,4.3,.524,0.2,0.7,.238,2.1,3.6,.581,.544,1.2,2.0,.632,1.3,2.8,4.0,1.0,0.3,0.2,1.0,1.1,6.0
Tyler Herro,SG,20,MIA,46,6,27.7,4.8,11.5,.414,2.2,5.5,.393,2.6,6.0,.433,.508,1.4,1.7,.835,0.3,3.7,4.0,2.0,0.6,0.2,1.6,1.3,13.1
Kevin Hervey,PF,23,OKC,7,0,2.7,0.1,1.6,.091,0.0,1.1,.000,0.1,0.4,.333,.091,0.0,0.0,,0.0,0.3,0.3,0.1,0.0,0.0,0.0,0.1,0.3
Mario Hezonja,PF,24,POR,44,4,16.3,1.6,3.9,.405,0.4,1.3,.281,1.2,2.6,.466,.451,1.0,1.2,.824,0.5,3.0,3.5,0.9,0.6,0.2,0.7,2.0,4.5
Buddy Hield,SG,27,SAC,61,44,32.3,7.1,16.7,.427,3.8,9.7,.387,3.4,7.0,.483,.540,1.8,2.1,.855,0.9,4.0,4.9,3.1,0.9,0.3,2.3,2.4,19.9
George Hill,PG,33,MIL,51,0,21.3,3.5,6.5,.535,1.4,2.9,.487,2.0,3.5,.575,.645,1.4,1.6,.831,0.9,2.1,3.0,2.9,0.8,0.1,1.0,1.5,9.7
Solomon Hill,SF,28,TOT,51,3,18.1,1.9,4.7,.408,1.1,3.0,.377,0.8,1.7,.461,.527,0.5,0.7,.684,0.5,2.4,2.9,1.8,0.6,0.1,0.8,1.5,5.5
Jaylen Hoard,SF,20,POR,13,0,7.9,1.2,2.5,.469,0.0,0.2,.000,1.2,2.2,.517,.469,0.6,1.0,.615,1.1,1.4,2.5,0.3,0.4,0.0,0.3,0.9,2.9
Aaron Holiday,PG,23,IND,55,23,23.1,3.5,8.6,.412,1.4,3.5,.407,2.1,5.1,.416,.496,1.0,1.2,.877,0.4,1.9,2.3,3.3,0.7,0.2,1.3,1.8,9.6
Jrue Holiday,SG,29,NOP,53,53,34.9,7.6,16.9,.447,2.1,5.8,.353,5.5,11.1,.496,.507,2.0,2.9,.697,1.2,3.5,4.8,6.9,1.7,0.8,2.9,2.2,19.2
Justin Holiday,SG,30,IND,62,2,25.0,2.9,6.6,.434,1.8,4.4,.418,1.0,2.2,.468,.573,0.7,0.9,.776,0.5,2.7,3.2,1.4,1.2,0.6,0.6,1.8,8.3
Rondae Hollis-Jefferson,SF,25,TOR,49,5,19.7,2.8,5.8,.476,0.0,0.3,.118,2.7,5.5,.498,.479,1.9,2.6,.732,1.9,3.0,4.9,1.8,0.9,0.4,1.0,2.1,7.5
Richaun Holmes,C,26,SAC,37,33,29.4,5.5,8.4,.660,0.0,0.0,,5.5,8.4,.660,.660,2.1,2.5,.817,3.1,5.4,8.5,1.0,1.1,1.4,1.2,3.9,13.1
Rodney Hood,SF,27,POR,21,21,29.5,4.1,8.2,.506,1.7,3.4,.493,2.5,4.8,.515,.608,1.0,1.3,.778,0.5,3.0,3.4,1.5,0.8,0.2,0.9,2.2,11.0
Al Horford,C,33,PHI,57,54,30.6,4.6,10.8,.432,1.4,4.3,.328,3.2,6.4,.503,.498,0.9,1.2,.739,1.5,5.2,6.7,3.9,0.9,0.9,1.0,2.2,11.6
Talen Horton-Tucker,SG,19,LAL,2,0,2.5,0.0,0.5,.000,0.0,0.5,.000,0.0,0.0,,.000,0.0,0.0,,0.0,0.0,0.0,1.0,0.5,0.0,0.0,0.0,0.0
Danuel House,SF,26,HOU,54,43,30.5,3.6,8.5,.427,2.0,5.5,.370,1.6,3.0,.531,.547,1.2,1.5,.795,1.0,3.4,4.4,1.3,1.1,0.6,0.8,2.0,10.5
Dwight Howard,C,34,LAL,60,2,19.6,3.1,4.3,.737,0.1,0.1,.600,3.1,4.2,.740,.743,1.5,3.0,.494,2.6,5.0,7.6,0.7,0.4,1.3,1.2,3.3,7.8
William Howard,SG,26,HOU,2,0,6.5,0.0,2.0,.000,0.0,2.0,.000,0.0,0.0,,.000,0.0,0.0,,0.0,1.0,1.0,0.5,0.0,0.0,0.5,0.5,0.0
Kevin Huerter,SG,21,ATL,52,44,31.0,4.5,10.8,.415,2.3,5.9,.388,2.2,4.9,.447,.521,1.0,1.2,.828,0.7,3.5,4.1,3.5,0.9,0.5,1.6,2.4,12.3
De'Andre Hunter,SF,22,ATL,59,58,31.8,4.5,10.9,.413,1.7,4.8,.353,2.8,6.1,.461,.491,1.7,2.2,.777,0.6,3.7,4.3,1.8,0.7,0.3,1.6,2.8,12.4
Chandler Hutchison,SF,23,CHI,28,10,18.8,2.9,6.3,.457,0.4,1.4,.316,2.4,4.9,.496,.491,1.6,2.8,.590,0.6,3.2,3.9,0.9,1.0,0.3,1.0,1.7,7.8
Serge Ibaka,C,30,TOR,47,24,27.1,6.4,12.4,.518,1.3,3.2,.388,5.2,9.2,.564,.568,1.7,2.4,.730,2.1,6.0,8.0,1.3,0.5,0.8,2.0,2.8,15.9
Andre Iguodala,SG,36,MIA,11,0,18.0,1.7,3.6,.475,0.7,1.9,.381,1.0,1.7,.579,.575,0.1,0.4,.250,0.9,2.9,3.8,1.6,0.4,1.0,1.3,1.8,4.3
Ersan İlyasova,PF,32,MIL,54,7,16.0,2.5,5.3,.472,0.9,2.3,.374,1.7,3.1,.545,.552,1.1,1.4,.827,1.1,3.8,4.9,0.9,0.4,0.3,0.6,1.6,7.0
Joe Ingles,SF,32,UTA,61,37,30.0,3.4,7.7,.434,1.9,4.8,.393,1.5,2.9,.503,.557,1.1,1.4,.783,0.3,3.6,4.0,5.2,0.8,0.1,1.9,2.2,9.7
Brandon Ingram,PF,22,NOP,54,54,34.2,8.5,18.0,.471,2.5,6.4,.392,6.0,11.7,.514,.541,5.1,6.0,.861,0.9,5.3,6.2,4.3,1.0,0.7,3.1,2.9,24.6
Kyrie Irving,PG,27,BRK,20,20,32.9,10.0,20.8,.478,2.8,7.1,.394,7.2,13.7,.522,.546,4.7,5.1,.922,1.1,4.1,5.2,6.4,1.4,0.5,2.6,2.7,27.4
Jonathan Isaac,SF,22,ORL,32,32,29.7,4.7,10.1,.463,0.9,2.8,.330,3.7,7.2,.515,.509,1.8,2.3,.767,1.8,5.2,6.9,1.4,1.6,2.4,1.5,2.5,12.0
Wesley Iwundu,SF,25,ORL,42,15,17.9,1.6,4.3,.380,0.5,1.5,.317,1.1,2.8,.414,.436,1.4,1.7,.814,0.5,2.0,2.5,1.0,0.6,0.2,0.4,1.4,5.1
Frank Jackson,PG,21,NOP,49,1,12.9,2.0,5.0,.398,0.8,2.3,.327,1.2,2.7,.458,.473,0.9,1.2,.767,0.4,0.9,1.3,0.8,0.3,0.1,0.8,1.2,5.7
Jaren Jackson,C,20,MEM,54,54,28.0,6.1,13.0,.468,2.5,6.3,.397,3.6,6.7,.535,.564,2.3,3.1,.741,1.0,3.7,4.7,1.4,0.7,1.6,1.7,4.1,16.9
Josh Jackson,SG,22,MEM,15,0,19.6,3.3,7.8,.419,1.2,3.6,.333,2.1,4.2,.492,.496,1.6,2.2,.727,0.7,2.7,3.4,1.5,1.0,0.5,1.3,1.9,9.3
Justin Jackson,PF,24,DAL,54,2,15.8,2.1,5.4,.396,0.8,2.6,.291,1.4,2.8,.493,.466,0.6,0.7,.825,0.4,2.0,2.4,0.7,0.2,0.1,0.2,1.1,5.7
Reggie Jackson,PG,29,TOT,20,11,25.3,4.8,11.9,.403,2.0,5.2,.385,2.8,6.7,.418,.487,1.6,2.0,.821,0.8,2.4,3.1,4.8,0.5,0.2,1.7,1.7,13.2
Justin James,SG,23,SAC,33,0,6.6,1.0,2.4,.423,0.3,0.8,.346,0.7,1.6,.462,.481,0.3,0.6,.476,0.2,0.7,0.9,0.5,0.2,0.3,0.2,0.5,2.6
LeBron James,PG,35,LAL,57,57,34.9,9.7,19.6,.497,2.2,6.3,.351,7.5,13.3,.567,.554,3.8,5.4,.693,1.0,6.8,7.8,10.7,1.2,0.5,4.0,1.7,25.4
Amile Jefferson,PF,26,ORL,18,0,4.1,0.3,0.8,.357,0.0,0.0,,0.3,0.8,.357,.357,0.3,0.8,.357,0.6,0.7,1.3,0.2,0.1,0.2,0.2,0.4,0.8
DaQuan Jeffries,SG,22,SAC,6,0,3.2,0.5,1.2,.429,0.2,0.7,.250,0.3,0.5,.667,.500,0.0,0.0,,0.2,0.0,0.2,0.2,0.2,0.0,0.0,0.5,1.2
Ty Jerome,PG,22,PHO,25,0,10.9,1.4,3.8,.354,0.4,1.6,.275,0.9,2.2,.411,.411,0.4,0.6,.786,0.2,1.3,1.6,1.6,0.6,0.1,0.7,1.0,3.6
Alize Johnson,SF,23,IND,13,0,4.2,0.5,1.2,.467,0.0,0.0,,0.5,1.2,.467,.467,0.3,0.5,.667,0.5,0.8,1.4,0.2,0.0,0.0,0.2,0.5,1.4
B.J. Johnson,SF,24,ORL,8,0,5.8,0.6,2.3,.278,0.1,0.8,.167,0.5,1.5,.333,.306,0.3,0.3,1.000,0.1,0.6,0.8,0.3,0.3,0.0,0.4,0.0,1.6
Cameron Johnson,PF,23,PHO,49,1,20.3,2.8,6.6,.418,1.9,4.7,.397,0.9,2.0,.469,.558,0.7,0.9,.761,0.8,2.1,2.9,1.1,0.6,0.3,0.6,1.5,8.1
James Johnson,PF,32,TOT,29,1,19.0,3.0,6.3,.481,0.9,2.7,.338,2.1,3.7,.585,.552,1.0,1.5,.636,0.8,2.8,3.6,2.1,0.8,1.0,1.5,2.6,7.9
Keldon Johnson,SF,20,SAS,6,0,6.7,1.5,3.2,.474,0.2,0.5,.333,1.3,2.7,.500,.500,0.2,0.3,.500,0.3,0.7,1.0,0.7,0.2,0.2,0.3,0.3,3.3
Stanley Johnson,PF,23,TOR,20,0,4.8,0.4,1.6,.258,0.1,0.7,.154,0.3,0.9,.333,.290,0.3,0.3,.833,0.2,1.0,1.1,0.4,0.2,0.1,0.4,0.5,1.2
Tyler Johnson,SG,27,PHO,31,3,16.6,2.1,5.5,.380,0.8,2.7,.289,1.3,2.8,.466,.450,0.8,1.0,.750,0.3,1.4,1.7,1.6,0.4,0.3,0.8,1.4,5.7
Nikola Jokić,C,24,DEN,61,61,32.4,8.1,15.2,.532,1.1,3.5,.327,6.9,11.7,.594,.570,3.5,4.3,.816,2.4,7.8,10.2,6.8,1.2,0.7,3.0,3.0,20.8
Damian Jones,C,24,ATL,54,27,16.4,2.2,3.3,.680,0.0,0.2,.222,2.2,3.1,.704,.685,1.1,1.6,.738,1.4,2.4,3.8,0.6,0.5,0.7,0.5,2.7,5.7
Derrick Jones,SF,22,MIA,48,12,24.3,3.2,6.3,.505,0.6,2.4,.267,2.5,3.9,.654,.556,1.8,2.2,.794,1.1,3.0,4.1,1.1,1.0,0.7,0.5,2.2,8.8
Tyus Jones,PG,23,MEM,62,6,18.9,3.0,6.5,.466,0.7,1.9,.391,2.3,4.7,.495,.521,0.6,0.8,.725,0.1,1.5,1.6,4.4,0.9,0.1,0.9,0.6,7.4
DeAndre Jordan,C,31,BRK,53,4,21.8,3.4,5.0,.672,0.0,0.0,,3.4,5.0,.672,.672,1.5,2.1,.696,2.5,7.4,9.9,1.9,0.3,0.9,1.4,2.0,8.2
Cory Joseph,PG,28,SAC,61,22,24.3,2.5,5.9,.424,0.8,2.1,.362,1.7,3.8,.459,.489,0.7,0.9,.815,0.6,2.0,2.6,3.4,0.7,0.3,1.0,1.9,6.5
Mfiondu Kabengele,C,22,LAC,12,0,5.3,1.2,2.7,.438,0.8,1.7,.450,0.4,1.0,.417,.578,0.4,0.4,1.000,0.1,0.8,0.9,0.2,0.2,0.2,0.2,0.8,3.5
Frank Kaminsky,C,26,PHO,32,13,22.4,4.0,8.7,.455,1.2,3.5,.348,2.8,5.2,.527,.525,1.8,2.8,.670,0.9,4.0,4.9,2.2,0.4,0.3,1.0,2.2,11.0
Enes Kanter,C,27,BOS,48,6,18.0,3.6,6.3,.574,0.0,0.1,.143,3.6,6.2,.584,.576,1.3,1.8,.716,2.8,5.2,8.0,0.9,0.4,0.8,1.1,1.8,8.6
Luke Kennard,SG,23,DET,28,25,32.9,5.4,12.2,.442,2.6,6.5,.399,2.8,5.7,.491,.548,2.4,2.7,.893,0.3,3.2,3.5,4.1,0.4,0.2,1.5,2.3,15.8
Stanton Kidd,SF,27,UTA,4,0,3.8,0.0,0.8,.000,0.0,0.3,.000,0.0,0.5,.000,.000,0.0,0.0,,0.0,0.8,0.8,0.3,0.0,0.0,0.5,0.8,0.0
Michael Kidd-Gilchrist,PF-SF,26,TOT,20,0,10.8,1.0,2.9,.333,0.3,0.9,.278,0.7,2.0,.359,.377,0.5,0.6,.818,0.6,2.0,2.6,0.6,0.1,0.3,0.6,1.5,2.6
Louis King,SF,20,DET,10,0,6.2,0.8,2.1,.381,0.4,1.1,.364,0.4,1.0,.400,.476,0.0,0.3,.000,0.1,0.9,1.0,0.5,0.2,0.0,0.2,1.0,2.0
Maxi Kleber,C,28,DAL,62,18,25.2,3.2,7.0,.461,1.6,4.2,.378,1.6,2.7,.588,.575,1.1,1.3,.863,1.5,3.9,5.4,1.1,0.3,1.2,0.7,2.3,9.1
Brandon Knight,PG,28,TOT,23,1,17.4,2.4,6.6,.364,1.8,5.1,.350,0.6,1.5,.412,.500,0.6,1.1,.520,0.1,1.3,1.4,2.6,0.4,0.1,1.5,1.4,7.1
Kevin Knox,SF,20,NYK,61,4,18.1,2.2,6.2,.361,1.0,3.1,.323,1.2,3.1,.398,.441,1.0,1.6,.653,0.4,2.4,2.8,1.0,0.3,0.4,0.7,1.6,6.5
John Konchar,SG,23,MEM,12,0,10.7,1.5,2.3,.667,0.3,0.8,.444,1.2,1.5,.778,.741,0.1,0.2,.500,1.0,1.6,2.6,1.2,0.6,0.3,0.3,0.4,3.4
Furkan Korkmaz,SG,22,PHI,61,12,21.8,3.5,8.1,.432,2.0,5.0,.397,1.5,3.1,.489,.555,0.8,1.1,.723,0.3,2.0,2.3,1.0,0.5,0.2,0.7,1.3,9.8
Luke Kornet,C,24,CHI,36,14,15.5,2.3,5.2,.439,0.9,3.0,.287,1.4,2.2,.646,.521,0.6,0.8,.714,0.6,1.7,2.3,0.9,0.3,0.7,0.4,1.5,6.0
Kyle Korver,SF,38,MIL,47,0,16.6,2.1,5.0,.418,1.6,4.0,.407,0.5,1.0,.458,.580,0.6,0.7,.839,0.3,1.8,2.1,1.2,0.4,0.2,0.8,1.3,6.4
Rodions Kurucs,PF,21,BRK,38,4,13.1,1.6,3.5,.455,0.7,1.7,.397,0.9,1.8,.507,.549,0.4,0.7,.615,0.5,2.1,2.5,0.8,0.4,0.1,0.9,1.7,4.2
Kyle Kuzma,PF,24,LAL,51,7,24.7,4.7,11.0,.432,1.4,4.4,.308,3.4,6.6,.515,.494,1.7,2.4,.721,0.9,3.4,4.3,1.3,0.4,0.4,1.6,1.9,12.6
Skal Labissière,C,23,POR,33,1,17.2,2.5,4.5,.551,0.1,0.4,.231,2.4,4.1,.582,.561,0.8,1.0,.758,2.0,3.2,5.1,1.3,0.2,0.9,0.9,2.7,5.8
Jeremy Lamb,SG,27,IND,46,42,28.1,4.7,10.4,.451,1.2,3.4,.335,3.5,7.0,.508,.506,2.0,2.4,.836,0.5,3.8,4.3,2.1,1.2,0.5,1.1,2.3,12.5
Romeo Langford,SG,20,BOS,24,1,11.0,0.9,2.3,.393,0.2,0.9,.227,0.7,1.4,.500,.438,0.6,0.9,.667,0.5,0.6,1.1,0.3,0.3,0.3,0.3,1.1,2.6
Zach LaVine,SG,24,CHI,60,60,34.8,9.0,20.0,.450,3.1,8.1,.380,5.9,11.9,.497,.526,4.5,5.6,.802,0.7,4.1,4.8,4.2,1.5,0.5,3.4,2.2,25.5
Vic Law,SF,24,ORL,4,0,2.0,0.0,0.5,.000,0.0,0.3,.000,0.0,0.3,.000,.000,0.0,0.5,.000,0.0,0.3,0.3,0.0,0.0,0.0,0.0,0.0,0.0
Jake Layman,PF,25,MIN,20,2,22.6,3.5,8.0,.431,1.1,3.3,.333,2.4,4.7,.500,.500,0.8,1.2,.696,0.6,2.0,2.6,0.7,0.8,0.5,1.0,2.0,8.8
T.J. Leaf,PF,22,IND,25,1,7.7,1.2,2.8,.435,0.2,0.6,.357,1.0,2.2,.455,.471,0.3,0.5,.583,0.8,1.7,2.6,0.2,0.3,0.1,0.3,0.7,2.9
Jalen Lecque,PG,19,PHO,4,0,6.5,1.0,2.5,.400,0.0,1.0,.000,1.0,1.5,.667,.400,0.5,0.5,1.000,0.0,0.0,0.0,0.5,0.0,0.0,0.3,0.5,2.5
Courtney Lee,SG,34,DAL,20,5,12.1,1.5,3.0,.500,0.8,1.9,.432,0.7,1.2,.609,.633,0.1,0.2,.667,0.3,1.0,1.2,0.5,0.6,0.2,0.5,1.4,3.9
Damion Lee,SG,27,GSW,46,33,28.7,4.2,10.2,.410,1.6,4.7,.350,2.6,5.6,.459,.489,2.3,2.6,.882,0.7,4.2,4.8,2.7,1.0,0.1,1.3,2.3,12.3
Alex Len,C,26,TOT,46,9,18.6,3.5,6.3,.552,0.3,1.2,.250,3.2,5.1,.624,.576,1.2,1.9,.640,1.9,4.1,6.1,1.0,0.5,1.0,1.0,2.3,8.5
Kawhi Leonard,SF,28,LAC,48,48,32.3,9.4,20.2,.464,2.1,5.6,.365,7.3,14.5,.503,.515,6.2,6.9,.897,1.1,6.5,7.5,5.1,1.8,0.6,2.9,1.9,27.0
Meyers Leonard,C,27,MIA,49,49,20.1,2.4,4.6,.520,1.0,2.4,.429,1.3,2.1,.625,.635,0.3,0.5,.654,0.6,4.5,5.1,1.1,0.3,0.3,0.7,2.1,6.1
Caris LeVert,SG,25,BRK,36,22,28.5,6.3,15.5,.408,1.7,4.7,.365,4.6,10.8,.427,.463,2.8,4.0,.713,1.0,2.8,3.8,3.9,1.1,0.1,2.5,1.9,17.2
Damian Lillard,PG,29,POR,55,55,36.9,9.3,20.3,.461,3.9,9.9,.396,5.4,10.3,.523,.557,6.8,7.6,.890,0.5,3.8,4.3,7.9,1.0,0.3,2.9,1.7,29.4
Nassir Little,PF,19,POR,46,5,12.3,1.4,3.2,.434,0.3,1.2,.250,1.1,1.9,.551,.483,0.6,0.9,.634,0.7,1.7,2.3,0.5,0.3,0.3,0.3,1.5,3.6
Kevon Looney,C,23,GSW,20,4,13.1,1.5,4.0,.367,0.1,0.7,.071,1.4,3.3,.431,.373,0.5,0.6,.750,1.4,1.9,3.3,1.0,0.6,0.3,0.6,1.7,3.4
Brook Lopez,C,31,MIL,59,58,26.5,3.9,9.4,.420,1.4,4.7,.290,2.6,4.7,.551,.493,1.6,2.0,.819,0.7,3.8,4.5,1.6,0.7,2.5,1.0,2.4,10.8
Robin Lopez,C,31,MIL,57,3,14.3,2.3,4.5,.506,0.5,1.6,.333,1.8,3.0,.598,.564,0.4,0.8,.535,0.9,1.5,2.4,0.7,0.2,0.7,0.9,1.3,5.5
Kevin Love,PF,31,CLE,53,53,31.4,5.8,12.9,.455,2.6,6.8,.382,3.2,6.1,.536,.556,3.2,3.8,.851,0.9,8.8,9.7,3.1,0.6,0.4,2.5,1.6,17.5
Kyle Lowry,PG,33,TOR,49,49,36.5,5.8,14.2,.412,2.8,8.1,.349,3.0,6.0,.497,.512,4.9,5.6,.862,0.6,4.2,4.8,7.6,1.3,0.4,3.0,3.2,19.4
Timothé Luwawu-Cabarrot,SG,24,BRK,36,0,16.5,1.9,4.7,.400,0.9,2.6,.358,0.9,2.1,.453,.500,1.2,1.5,.830,0.6,1.8,2.4,0.5,0.4,0.2,0.7,1.9,5.9
Trey Lyles,PF,24,SAS,60,50,19.6,2.3,5.2,.442,0.9,2.5,.371,1.4,2.7,.509,.532,0.4,0.6,.703,1.2,4.5,5.7,1.1,0.4,0.4,0.6,1.5,6.0
Daryl Macon,SG,24,MIA,4,0,3.5,0.3,0.8,.333,0.3,0.5,.500,0.0,0.3,.000,.500,0.0,0.0,,0.0,0.0,0.0,0.3,0.0,0.0,0.5,0.3,0.8
J.P. Macura,SG,24,CLE,1,0,1.0,0.0,0.0,,0.0,0.0,,0.0,0.0,,,0.0,0.0,,0.0,0.0,0.0,0.0,0.0,0.0,0.0,0.0,0.0
Josh Magette,PG,30,ORL,8,0,4.8,0.6,1.9,.333,0.1,0.5,.250,0.5,1.4,.364,.367,0.1,0.3,.500,0.1,0.6,0.8,0.6,0.4,0.1,0.6,0.5,1.5
Ian Mahinmi,C,33,WAS,38,35,21.3,2.7,5.5,.495,0.1,0.7,.192,2.6,4.8,.538,.507,1.8,3.0,.619,2.1,3.7,5.7,1.3,0.8,1.2,1.2,3.0,7.4
Thon Maker,C,22,DET,57,13,12.7,1.5,3.1,.494,0.4,1.1,.333,1.2,2.0,.578,.551,1.2,1.9,.670,0.9,1.9,2.8,0.7,0.4,0.6,0.8,1.6,4.6
Terance Mann,SG,23,LAC,35,6,7.7,0.6,1.5,.407,0.1,0.3,.250,0.5,1.2,.452,.435,0.3,0.3,.750,0.1,0.8,0.9,1.1,0.2,0.1,0.4,1.0,1.6
Boban Marjanović,C,31,DAL,33,1,8.7,2.4,4.3,.553,0.1,0.4,.231,2.3,3.9,.586,.564,0.8,1.1,.730,1.3,2.6,3.9,0.4,0.2,0.2,0.7,1.3,5.6
Lauri Markkanen,PF,22,CHI,47,47,30.1,5.1,11.9,.427,2.2,6.3,.342,2.9,5.6,.523,.518,2.6,3.2,.826,1.2,5.2,6.4,1.5,0.8,0.5,1.7,2.0,15.0
Caleb Martin,SF,24,CHO,14,1,14.9,1.5,3.9,.382,0.6,1.5,.429,0.9,2.4,.353,.464,0.3,0.5,.571,0.6,1.6,2.2,1.0,0.4,0.3,0.8,1.6,3.9
Cody Martin,SF,24,CHO,44,2,17.6,1.8,4.3,.433,0.4,1.6,.243,1.5,2.7,.547,.479,0.8,1.3,.649,0.8,2.5,3.2,1.6,0.8,0.2,0.9,1.5,4.9
Jeremiah Martin,PG,23,BRK,2,0,5.5,0.5,2.0,.250,0.0,0.0,,0.5,2.0,.250,.250,0.0,0.0,,0.0,0.5,0.5,0.5,0.5,0.0,0.0,0.0,1.0
Kelan Martin,SF,24,MIN,30,4,16.3,2.3,6.0,.391,0.8,3.2,.263,1.5,2.8,.536,.461,1.0,1.0,.968,0.4,2.8,3.2,0.7,0.2,0.3,0.7,1.7,6.5
Frank Mason,PG,25,MIL,5,0,4.6,0.2,1.4,.143,0.2,0.8,.250,0.0,0.6,.000,.214,0.4,0.8,.500,0.4,0.4,0.8,1.2,0.2,0.0,0.6,0.6,1.0
Garrison Mathews,SG,23,WAS,16,0,12.6,1.4,3.1,.460,1.1,2.6,.429,0.3,0.5,.625,.640,1.8,2.0,.906,0.4,1.1,1.4,0.6,0.2,0.1,0.4,1.6,5.8
Wesley Matthews,SG,33,MIL,59,59,24.6,2.6,6.4,.406,1.7,4.5,.371,0.9,1.9,.487,.536,0.7,1.0,.759,0.3,2.2,2.6,1.5,0.6,0.2,0.7,1.4,7.6
Patrick McCaw,SF,24,TOR,34,12,24.3,1.9,4.5,.425,0.6,1.9,.344,1.3,2.6,.483,.497,0.4,0.5,.722,0.6,1.7,2.2,2.1,1.0,0.1,0.8,1.6,4.9
CJ McCollum,SG,28,POR,59,59,35.9,8.9,19.6,.452,2.8,7.4,.384,6.0,12.2,.493,.525,1.9,2.6,.747,0.7,3.4,4.1,4.2,0.7,0.6,1.9,2.5,22.5
T.J. McConnell,PG,27,IND,60,3,19.0,3.0,5.8,.513,0.1,0.2,.286,2.9,5.6,.523,.519,0.5,0.6,.833,0.5,2.1,2.6,5.1,0.7,0.2,1.4,1.1,6.5
Jalen McDaniels,PF,22,CHO,12,0,17.1,1.9,4.3,.451,0.6,1.6,.368,1.3,2.7,.500,.520,0.8,1.0,.750,1.0,3.3,4.3,0.8,0.6,0.3,0.5,2.2,5.2
Doug McDermott,PF,28,IND,62,0,20.0,3.9,7.9,.491,1.9,4.3,.445,2.0,3.6,.544,.611,0.7,0.8,.827,0.4,2.1,2.5,1.1,0.1,0.1,0.6,1.7,10.4
JaVale McGee,C,32,LAL,58,58,16.8,3.0,4.7,.649,0.1,0.1,.500,3.0,4.6,.653,.655,0.8,1.2,.652,1.8,4.0,5.8,0.6,0.5,1.6,0.8,2.4,6.9
Rodney McGruder,SG,28,LAC,47,3,15.4,1.3,3.2,.391,0.4,1.6,.276,0.8,1.6,.507,.460,0.3,0.6,.500,0.5,2.1,2.6,0.6,0.5,0.2,0.4,1.4,3.2
Alfonzo McKinnie,SF,27,CLE,37,1,14.4,1.7,4.1,.414,0.3,1.6,.203,1.4,2.5,.548,.454,0.5,0.8,.690,0.8,1.9,2.8,0.4,0.6,0.2,0.6,1.7,4.3
Jordan McLaughlin,PG,23,MIN,27,2,19.5,2.9,5.9,.481,1.0,2.6,.386,1.9,3.3,.556,.566,0.9,1.3,.657,0.2,1.4,1.6,4.1,1.2,0.1,1.0,0.9,7.6
Ben McLemore,SG,26,HOU,60,18,23.2,3.4,7.7,.449,2.5,6.4,.397,0.9,1.3,.711,.614,0.8,1.0,.750,0.3,1.9,2.2,0.9,0.6,0.2,0.8,2.1,10.2
Jordan McRae,SG,28,TOT,34,4,20.9,4.1,9.8,.419,1.3,3.4,.386,2.8,6.5,.436,.485,2.1,2.7,.761,0.5,2.7,3.3,2.6,0.6,0.5,1.2,2.0,11.6
Nicolò Melli,C,29,NOP,50,6,16.8,2.4,5.2,.450,1.2,3.4,.367,1.1,1.9,.602,.569,0.7,1.0,.755,0.7,2.3,3.0,1.2,0.6,0.4,0.8,2.0,6.7
De'Anthony Melton,PG,21,MEM,49,5,19.2,2.9,6.7,.424,0.7,2.1,.314,2.2,4.6,.476,.474,1.8,2.2,.821,0.7,3.0,3.7,3.0,1.2,0.3,1.5,1.8,8.2
Chimezie Metu,PF,22,SAS,16,0,4.6,1.3,2.2,.571,0.0,0.1,.000,1.3,2.1,.588,.571,0.4,0.5,.750,0.6,1.0,1.6,0.4,0.1,0.3,0.3,0.3,2.9
Khris Middleton,SF,28,MIL,53,50,29.8,7.7,15.2,.504,2.4,5.6,.430,5.2,9.6,.548,.584,3.2,3.5,.908,0.8,5.5,6.3,4.1,0.9,0.1,2.0,2.2,20.9
Eric Mika,PF,25,SAC,1,0,19.0,2.0,3.0,.667,0.0,0.0,,2.0,3.0,.667,.667,2.0,2.0,1.000,2.0,5.0,7.0,0.0,0.0,0.0,0.0,5.0,6.0
C.J. Miles,SG,32,WAS,10,0,16.1,1.9,5.9,.322,1.1,3.5,.314,0.8,2.4,.333,.415,1.5,2.0,.750,0.4,0.8,1.2,1.2,1.0,0.4,0.4,1.4,6.4
Malcolm Miller,SF,26,TOR,25,1,5.0,0.3,1.0,.333,0.2,0.8,.316,0.1,0.2,.400,.458,0.0,0.2,.167,0.0,0.5,0.6,0.3,0.2,0.1,0.1,0.5,0.9
Patty Mills,PG,31,SAS,60,1,22.9,4.0,9.4,.424,2.4,6.4,.381,1.6,3.0,.517,.553,1.5,1.7,.854,0.3,1.3,1.6,1.8,0.9,0.1,0.8,1.5,11.8
Paul Millsap,PF,34,DEN,40,37,24.4,4.2,8.6,.484,1.1,2.4,.438,3.1,6.2,.502,.545,2.6,3.1,.836,2.1,3.9,5.9,1.6,0.9,0.7,1.3,2.9,12.0
Shake Milton,SG,23,PHI,29,13,18.2,3.1,6.3,.495,1.5,3.2,.457,1.6,3.0,.534,.613,1.2,1.5,.773,0.3,1.8,2.1,2.1,0.5,0.2,1.2,2.0,8.9
Donovan Mitchell,SG,23,UTA,60,60,34.4,9.1,19.8,.458,2.5,6.8,.365,6.6,13.1,.506,.520,4.0,4.7,.857,0.7,3.7,4.4,4.3,1.0,0.2,2.7,2.5,24.6
Naz Mitrou-Long,SG,26,IND,3,0,14.3,2.0,5.3,.375,0.7,3.7,.182,1.3,1.7,.800,.438,0.0,0.0,,0.0,2.0,2.0,2.3,0.3,0.3,0.7,0.3,4.7
Adam Mokoka,SG,21,CHI,11,0,10.2,1.1,2.5,.429,0.5,1.4,.400,0.5,1.2,.462,.536,0.2,0.4,.500,0.6,0.3,0.9,0.4,0.4,0.0,0.2,1.5,2.9
Malik Monk,SG,21,CHO,55,1,21.3,3.9,8.9,.434,1.1,3.7,.284,2.8,5.2,.542,.494,1.5,1.8,.820,0.5,2.4,2.9,2.1,0.5,0.3,1.4,1.3,10.3
Matt Mooney,SG,22,CLE,3,0,2.0,0.3,0.7,.500,0.0,0.3,.000,0.3,0.3,1.000,.500,0.0,0.0,,0.0,0.3,0.3,0.3,0.3,0.3,0.0,0.3,0.7
E'Twaun Moore,SG,30,NOP,49,5,19.1,3.5,8.2,.424,1.2,3.2,.376,2.3,5.0,.455,.498,0.6,0.8,.659,0.6,1.8,2.4,1.5,0.6,0.2,0.7,1.5,8.7
Ja Morant,PG,20,MEM,56,56,29.9,6.7,13.6,.491,0.8,2.3,.354,5.9,11.3,.519,.521,3.4,4.4,.771,0.7,2.8,3.5,7.0,0.9,0.3,3.1,1.5,17.6
Juwan Morgan,PF,22,UTA,16,0,4.6,0.6,1.1,.529,0.1,0.3,.200,0.5,0.8,.667,.559,0.0,0.0,,0.3,0.9,1.2,0.1,0.0,0.1,0.2,0.4,1.2
Marcus Morris,SF-PF,30,TOT,52,52,31.8,6.1,13.9,.439,2.5,5.9,.418,3.7,8.1,.453,.527,3.3,4.0,.825,1.0,4.2,5.2,1.4,0.8,0.5,1.7,2.9,18.0
Markieff Morris,PF,30,TOT,49,16,21.8,3.8,8.5,.446,1.6,4.2,.392,2.1,4.3,.498,.542,1.3,1.7,.783,0.6,3.2,3.8,1.5,0.6,0.3,1.5,2.3,10.5
Monte Morris,PG,24,DEN,61,8,21.5,3.4,7.5,.462,0.8,2.2,.381,2.6,5.3,.495,.518,0.8,0.9,.807,0.3,1.5,1.8,3.6,0.8,0.2,0.7,1.0,8.5
Johnathan Motley,PF,24,LAC,13,0,3.2,0.8,1.2,.733,0.1,0.1,1.000,0.8,1.1,.714,.767,0.4,0.5,.714,0.2,0.5,0.8,0.6,0.2,0.0,0.4,0.5,2.2
Emmanuel Mudiay,PG,23,UTA,48,1,15.7,2.8,6.0,.471,0.6,1.6,.355,2.3,4.4,.512,.517,1.1,1.4,.754,0.4,2.0,2.4,2.2,0.4,0.2,1.4,1.3,7.3
Mychal Mulder,SG,25,GSW,4,1,30.5,4.3,9.8,.436,2.8,7.5,.367,1.5,2.3,.667,.577,0.8,1.0,.750,0.8,3.0,3.8,1.0,0.3,0.3,0.5,3.3,12.0
Dejounte Murray,PG,23,SAS,56,48,24.8,4.4,9.0,.485,0.6,1.5,.393,3.8,7.5,.504,.518,1.3,1.7,.798,1.1,4.6,5.8,4.1,1.7,0.3,1.9,2.2,10.6
Jamal Murray,PG,22,DEN,51,51,32.6,6.9,15.3,.453,1.8,5.4,.343,5.1,9.9,.513,.513,3.0,3.4,.889,0.7,3.2,3.9,4.7,1.2,0.3,2.2,1.7,18.7
Džanan Musa,SF,20,BRK,35,0,11.5,1.4,4.0,.360,0.4,1.9,.231,1.0,2.1,.473,.414,0.9,1.3,.750,0.5,1.5,2.0,0.9,0.4,0.0,0.8,0.7,4.2
Mike Muscala,C,28,OKC,40,0,12.2,1.6,4.0,.405,1.1,3.0,.361,0.5,1.0,.538,.541,0.5,0.6,.818,0.3,2.0,2.3,0.9,0.2,0.3,0.4,1.2,4.7
Sviatoslav Mykhailiuk,SF,22,DET,53,24,22.5,3.0,7.1,.419,2.1,5.0,.411,0.9,2.1,.438,.564,1.0,1.2,.836,0.3,1.4,1.7,1.7,0.7,0.1,1.1,1.5,9.0
Abdel Nader,SF,26,OKC,46,5,15.6,2.1,4.5,.459,0.8,2.2,.364,1.3,2.3,.546,.546,1.0,1.3,.767,0.3,1.5,1.8,0.7,0.4,0.3,0.7,1.4,5.9
Larry Nance,C,27,CLE,53,10,25.8,4.0,7.6,.523,1.0,2.8,.340,3.0,4.8,.631,.586,0.9,1.3,.676,1.9,5.5,7.4,2.1,1.0,0.4,1.0,1.6,9.8
Shabazz Napier,PG,28,TOT,48,27,23.6,3.2,7.9,.408,1.3,4.2,.310,1.9,3.7,.520,.491,2.0,2.5,.815,0.5,2.4,2.9,4.9,1.2,0.2,2.1,1.8,9.8
Raul Neto,PG,27,PHI,47,3,11.2,1.5,3.5,.436,0.5,1.4,.373,1.0,2.0,.479,.512,0.4,0.5,.818,0.2,0.8,1.1,1.5,0.4,0.1,0.8,0.8,3.9
Malik Newman,SG,22,CLE,1,0,4.0,0.0,2.0,.000,0.0,1.0,.000,0.0,1.0,.000,.000,2.0,2.0,1.000,0.0,0.0,0.0,0.0,0.0,0.0,1.0,0.0,2.0
Georges Niang,PF,26,UTA,55,0,13.4,2.0,4.5,.455,1.3,3.1,.419,0.7,1.3,.541,.602,0.3,0.4,.864,0.2,1.7,1.9,0.6,0.2,0.1,0.5,1.1,5.7
Nerlens Noel,C,25,OKC,53,6,18.4,3.2,4.6,.690,0.0,0.1,.333,3.2,4.6,.694,.692,1.4,1.8,.766,1.5,3.4,4.9,1.0,1.1,1.5,1.0,2.6,7.8
Zach Norvell,SG,22,TOT,5,0,8.2,0.6,2.4,.250,0.6,1.6,.375,0.0,0.8,.000,.375,0.2,0.2,1.000,0.0,1.2,1.2,0.6,0.4,0.0,0.6,0.8,2.0
Jaylen Nowell,SG,20,MIN,12,0,10.4,1.3,3.9,.340,0.3,2.0,.125,1.1,1.9,.565,.372,0.9,1.0,.917,0.3,0.7,0.9,1.2,0.0,0.1,0.3,0.6,3.8
Frank Ntilikina,PG,21,NYK,53,26,20.9,2.2,5.7,.392,0.7,2.3,.309,1.5,3.4,.449,.455,0.8,0.9,.872,0.4,1.7,2.1,3.0,0.9,0.3,1.3,2.5,5.9
Kendrick Nunn,SG,24,MIA,59,59,30.0,6.2,13.7,.448,2.1,5.7,.357,4.1,8.0,.514,.523,1.3,1.6,.837,0.3,2.4,2.7,3.5,0.8,0.2,1.6,2.3,15.7
David Nwaba,SF,27,BRK,20,0,13.4,1.9,3.6,.521,0.6,1.4,.429,1.3,2.2,.581,.606,0.9,1.4,.667,0.4,1.9,2.3,0.4,0.6,0.6,0.4,1.6,5.2
Royce O'Neale,PF,26,UTA,61,52,29.0,2.2,4.9,.443,1.3,3.2,.402,0.9,1.7,.519,.573,0.6,0.7,.756,0.4,4.9,5.2,2.5,0.8,0.4,0.8,2.8,6.2
Kyle O'Quinn,C,29,PHI,25,1,10.2,1.4,2.9,.486,0.3,0.9,.304,1.1,2.0,.571,.535,0.4,0.8,.526,1.3,2.6,3.8,1.4,0.2,0.9,0.7,1.4,3.5
Semi Ojeleye,PF,25,BOS,58,4,14.4,1.0,2.4,.423,0.6,1.5,.382,0.4,0.9,.491,.542,0.4,0.5,.893,0.3,1.6,1.9,0.5,0.3,0.1,0.2,1.1,3.1
Jahlil Okafor,C,24,NOP,28,9,15.1,3.1,5.1,.611,0.0,0.1,.500,3.1,5.1,.613,.615,1.3,2.1,.638,1.6,2.6,4.3,1.3,0.3,0.7,1.3,2.3,7.6
Elie Okobo,PG,22,PHO,52,3,13.3,1.4,3.4,.404,0.5,1.3,.362,0.9,2.1,.431,.475,0.9,1.3,.687,0.3,1.4,1.7,2.1,0.5,0.1,0.7,0.9,4.1
Josh Okogie,SG,21,MIN,59,25,24.8,2.8,6.5,.428,0.7,2.5,.260,2.1,3.9,.536,.479,2.4,3.1,.791,1.4,2.9,4.3,1.6,1.1,0.4,1.4,2.2,8.7
KZ Okpala,SF,20,MIA,5,0,5.2,0.6,1.0,.600,0.0,0.2,.000,0.6,0.8,.750,.600,0.2,0.4,.500,0.2,0.8,1.0,0.2,0.4,0.2,0.2,0.4,1.4
Victor Oladipo,SG,27,IND,10,7,25.5,4.3,11.7,.368,1.4,5.3,.264,2.9,6.4,.453,.427,2.0,2.6,.769,0.7,2.0,2.7,2.4,0.8,0.1,2.0,1.3,12.0
Kelly Olynyk,C,28,MIA,56,6,19.0,2.7,5.5,.482,1.4,3.3,.440,1.2,2.3,.543,.612,1.3,1.5,.854,0.6,3.9,4.5,1.7,0.7,0.3,1.1,2.5,8.0
Miye Oni,SG,22,UTA,5,0,2.2,0.0,0.4,.000,0.0,0.2,.000,0.0,0.2,.000,.000,0.0,0.0,,0.0,0.4,0.4,0.0,0.0,0.0,0.2,0.0,0.0
Cedi Osman,SF,24,CLE,62,62,29.1,4.0,9.1,.439,1.8,4.9,.376,2.2,4.3,.511,.540,0.9,1.4,.659,0.6,3.0,3.5,2.4,0.8,0.2,1.4,2.4,10.8
Kelly Oubre,SF,24,PHO,56,55,34.5,6.7,14.8,.452,1.9,5.5,.352,4.7,9.3,.511,.517,3.4,4.4,.780,1.2,5.3,6.4,1.5,1.3,0.7,1.5,3.4,18.7
Tariq Owens,PF,24,PHO,3,0,5.0,0.3,1.7,.200,0.0,0.7,.000,0.3,1.0,.333,.200,0.7,0.7,1.000,0.7,0.3,1.0,0.0,0.3,0.0,0.0,0.3,1.3
Jeremy Pargo,PG,33,GSW,3,0,14.7,3.7,7.3,.500,1.0,2.3,.429,2.7,5.0,.533,.568,0.0,0.3,.000,0.3,0.7,1.0,2.7,0.3,0.0,1.3,2.7,8.3
Jabari Parker,PF,24,TOT,33,23,25.8,6.0,12.1,.499,0.9,3.5,.267,5.1,8.6,.594,.538,1.7,2.2,.743,1.6,4.3,5.9,1.8,1.3,0.5,1.8,2.8,14.7
Chandler Parsons,SF,31,ATL,5,0,10.8,1.0,3.6,.278,0.8,2.8,.286,0.2,0.8,.250,.389,0.0,0.0,,0.2,1.2,1.4,0.6,0.8,0.2,0.6,0.6,2.8
Eric Paschall,PF,23,GSW,57,26,27.4,5.3,10.6,.495,0.6,2.1,.292,4.6,8.5,.545,.524,2.6,3.5,.766,1.4,3.2,4.7,1.9,0.6,0.2,1.6,2.1,13.8
Anžejs Pasečņiks,C,24,WAS,23,0,17.5,2.4,4.6,.528,0.0,0.1,.000,2.4,4.5,.538,.528,1.4,2.3,.615,1.7,2.6,4.3,0.7,0.3,0.5,1.0,2.8,6.3
Patrick Patterson,PF,30,LAC,49,18,12.1,1.5,3.7,.404,1.1,2.8,.384,0.4,0.9,.467,.549,0.6,0.7,.794,0.6,1.8,2.4,0.6,0.1,0.1,0.3,0.8,4.7
Justin Patton,C,22,OKC,5,0,4.8,0.8,2.0,.400,0.2,0.8,.250,0.6,1.2,.500,.450,0.0,0.0,,0.2,0.8,1.0,0.4,0.0,0.0,0.4,0.8,1.8
Chris Paul,PG,34,OKC,61,61,31.7,6.2,12.7,.488,1.6,4.4,.359,4.6,8.2,.557,.550,3.5,3.9,.895,0.3,4.6,4.9,6.7,1.5,0.1,2.2,2.2,17.5
Elfrid Payton,PG,25,NYK,41,32,27.6,4.2,9.8,.432,0.3,1.6,.209,3.9,8.2,.476,.449,1.0,1.7,.549,1.2,3.5,4.7,7.1,1.6,0.4,2.1,2.0,9.8
Gary Payton,PG,27,WAS,27,17,15.6,1.8,4.3,.414,0.5,1.7,.283,1.3,2.6,.500,.470,0.1,0.3,.500,1.0,1.9,2.9,1.7,1.2,0.3,0.7,1.9,4.2
Norvel Pelle,C,26,PHI,19,0,9.3,0.9,1.8,.514,0.0,0.0,,0.9,1.8,.514,.514,0.3,0.6,.500,0.8,2.3,3.2,0.4,0.1,1.3,0.7,2.1,2.2
Theo Pinson,SG,24,BRK,31,0,11.5,1.5,5.0,.292,0.5,2.5,.190,1.0,2.4,.400,.341,0.5,0.5,.938,0.3,1.3,1.6,1.8,0.5,0.1,1.0,1.1,3.9
Mason Plumlee,C,29,DEN,49,1,17.1,3.0,4.8,.627,0.0,0.1,.000,3.0,4.7,.638,.627,1.5,2.7,.545,1.8,3.7,5.5,2.4,0.6,0.6,1.4,2.3,7.4
Vincent Poirier,C,26,BOS,21,0,5.4,0.8,1.6,.485,0.0,0.1,.500,0.7,1.5,.484,.500,0.3,0.3,.857,0.5,1.1,1.6,0.3,0.1,0.3,0.3,1.1,1.9
Jakob Pöltl,C,24,SAS,58,10,16.6,2.3,3.8,.619,0.0,0.0,,2.3,3.8,.619,.619,0.6,1.3,.486,1.8,3.6,5.3,1.8,0.5,1.4,0.8,1.7,5.3
Shamorie Ponds,PG,21,TOR,4,0,2.8,0.8,1.3,.600,0.3,0.5,.500,0.5,0.8,.667,.700,0.5,0.5,1.000,0.0,0.3,0.3,0.5,0.0,0.3,0.0,0.5,2.3
Jordan Poole,SG,20,GSW,54,14,22.4,2.9,8.9,.326,1.3,4.7,.280,1.6,4.2,.378,.400,1.7,2.1,.814,0.2,1.9,2.1,2.4,0.6,0.2,1.2,1.7,8.8
Kevin Porter,SF,19,CLE,50,3,23.2,3.7,8.4,.442,1.1,3.2,.335,2.7,5.3,.506,.505,1.5,2.0,.723,0.4,2.8,3.2,2.2,0.9,0.3,1.9,2.7,10.0
Michael Porter,PF,21,DEN,45,1,14.2,3.1,6.1,.504,0.9,2.2,.429,2.1,3.9,.545,.580,0.7,1.0,.767,1.2,3.2,4.3,0.8,0.4,0.4,0.8,1.6,7.8
Otto Porter,SF,26,CHI,11,9,23.7,3.9,9.4,.417,1.7,4.4,.396,2.2,5.0,.436,.510,1.5,2.0,.727,0.8,2.5,3.3,1.8,0.8,0.5,0.7,2.0,11.0
Bobby Portis,C,24,NYK,62,5,21.0,3.9,8.8,.447,1.0,2.9,.361,2.9,5.9,.489,.506,1.1,1.4,.770,1.3,3.9,5.1,1.5,0.5,0.2,1.1,1.7,10.0
Kristaps Porziņģis,PF,24,DAL,48,48,31.1,6.7,15.8,.427,2.5,7.1,.357,4.2,8.7,.483,.507,3.5,4.6,.776,1.7,7.7,9.4,1.7,0.7,2.0,1.6,3.0,19.5
Dwight Powell,C,28,DAL,40,37,26.5,3.7,5.7,.638,0.3,1.0,.256,3.4,4.8,.716,.659,1.9,2.8,.667,1.9,3.8,5.7,1.5,0.9,0.6,0.9,2.6,9.4
Norman Powell,SG,26,TOR,41,20,29.0,5.7,11.5,.497,2.0,5.2,.391,3.7,6.3,.585,.586,2.4,2.9,.832,0.6,3.2,3.8,1.7,1.2,0.4,1.5,2.1,15.9
Chasson Randle,PG,26,GSW,1,0,12.0,0.0,1.0,.000,0.0,1.0,.000,0.0,0.0,,.000,0.0,0.0,,0.0,1.0,1.0,1.0,0.0,0.0,0.0,1.0,0.0
Julius Randle,PF,25,NYK,60,60,32.6,7.2,15.8,.456,1.0,3.7,.270,6.2,12.1,.513,.488,4.0,5.5,.722,2.4,7.4,9.8,3.2,0.8,0.4,3.0,2.7,19.4
Josh Reaves,SG,22,DAL,2,0,0.5,0.0,0.5,.000,0.0,0.0,,0.0,0.5,.000,.000,0.0,0.0,,0.0,0.0,0.0,0.0,0.0,0.0,0.0,0.0,0.0
Cam Reddish,SF,20,ATL,54,34,26.6,3.4,9.4,.368,1.4,4.2,.319,2.1,5.1,.409,.441,1.8,2.2,.798,0.6,3.1,3.7,1.5,1.1,0.5,1.6,2.3,10.0
J.J. Redick,SG,35,NOP,54,35,26.4,4.6,10.3,.450,2.9,6.4,.452,1.8,3.9,.446,.590,2.7,3.0,.902,0.2,2.4,2.6,2.0,0.4,0.2,1.2,1.6,14.9
Naz Reid,C,20,MIN,27,8,15.5,3.2,7.7,.415,1.1,3.2,.356,2.0,4.4,.458,.490,1.1,1.6,.674,1.2,3.0,4.1,1.0,0.5,0.7,0.6,2.7,8.6
Josh Richardson,SG,26,PHI,47,45,30.7,5.2,12.1,.430,1.5,4.5,.325,3.7,7.6,.492,.490,2.1,2.6,.790,0.8,2.6,3.4,3.1,1.0,0.7,1.9,2.5,13.9
Austin Rivers,SG,27,HOU,56,4,23.3,3.1,7.3,.424,1.4,3.9,.345,1.7,3.4,.516,.517,1.0,1.5,.695,0.4,2.0,2.4,1.6,0.7,0.2,0.6,1.8,8.6
Duncan Robinson,SF,25,MIA,62,57,29.6,4.3,9.3,.465,3.6,8.1,.446,0.7,1.1,.609,.661,0.7,0.8,.900,0.1,3.0,3.2,1.3,0.5,0.2,0.9,2.8,13.0
Glenn Robinson,SF,26,TOT,57,52,29.3,4.8,9.9,.486,1.2,3.2,.384,3.6,6.6,.536,.549,1.2,1.4,.859,1.3,3.0,4.3,1.6,0.9,0.3,0.9,1.6,12.0
Jerome Robinson,SG,22,TOT,53,2,13.2,1.3,3.9,.346,0.5,1.8,.299,0.8,2.0,.389,.417,0.3,0.5,.640,0.2,1.7,1.9,1.1,0.4,0.2,0.6,1.5,3.5
Justin Robinson,PG,22,WAS,9,0,5.4,0.6,1.3,.417,0.3,0.6,.600,0.2,0.8,.286,.542,0.0,0.0,,0.1,0.4,0.6,0.8,0.0,0.1,0.3,0.2,1.4
Mitchell Robinson,C,21,NYK,57,7,23.0,4.1,5.6,.730,0.0,0.0,,4.1,5.6,.730,.730,1.3,2.3,.564,3.1,4.0,7.1,0.6,0.9,1.9,0.6,3.2,9.5
Isaiah Roby,SF,21,OKC,3,0,3.7,0.0,0.3,.000,0.0,0.0,,0.0,0.3,.000,.000,0.0,0.0,,0.0,0.7,0.7,0.0,0.0,0.0,0.3,0.3,0.0
Rajon Rondo,PG,33,LAL,45,3,20.8,2.9,6.9,.424,0.9,2.6,.336,2.0,4.3,.479,.489,0.6,0.9,.667,0.5,2.6,3.0,5.0,0.9,0.0,1.9,1.2,7.3
Derrick Rose,PG,31,DET,50,15,26.0,7.4,15.1,.490,0.9,2.9,.306,6.5,12.1,.535,.520,2.4,2.8,.871,0.5,1.9,2.4,5.6,0.8,0.3,2.5,1.0,18.1
Terrence Ross,SG,28,ORL,60,0,27.2,4.9,12.3,.401,2.5,7.2,.350,2.4,5.1,.474,.503,2.2,2.6,.840,0.2,3.0,3.2,1.2,1.1,0.3,1.0,1.4,14.6
Terry Rozier,PG,25,CHO,60,60,34.1,6.2,14.8,.416,2.6,6.5,.390,3.6,8.3,.436,.502,2.7,3.0,.879,0.8,3.7,4.5,4.1,1.0,0.2,2.3,2.0,17.5
Ricky Rubio,PG,29,PHO,54,54,31.4,4.4,10.6,.409,1.1,3.2,.343,3.2,7.4,.438,.461,2.9,3.4,.838,0.7,3.7,4.5,8.8,1.5,0.2,2.7,2.5,12.7
D'Angelo Russell,PG,23,TOT,42,42,32.4,8.2,19.0,.431,3.6,9.7,.375,4.5,9.3,.490,.527,3.5,4.3,.807,0.4,3.4,3.8,6.5,1.0,0.3,3.3,1.9,23.5
Domantas Sabonis,C,23,IND,59,59,34.6,7.2,13.5,.535,0.3,1.1,.238,7.0,12.5,.561,.544,3.5,4.8,.725,3.0,9.4,12.4,5.0,0.7,0.5,2.7,3.2,18.2
JaKarr Sampson,SF,26,IND,23,10,12.9,1.8,3.0,.586,0.1,0.5,.167,1.7,2.5,.672,.600,0.3,0.5,.500,0.6,1.6,2.1,0.2,0.3,0.4,0.3,1.7,3.9
Dario Šarić,PF,25,PHO,55,47,24.3,3.6,7.9,.452,1.2,3.6,.320,2.4,4.3,.564,.525,1.3,1.5,.845,1.5,4.4,5.8,1.9,0.5,0.2,1.3,2.2,9.6
Tomáš Satoranský,PG,28,CHI,62,62,29.0,3.7,8.5,.439,1.0,3.1,.328,2.7,5.4,.501,.498,1.6,1.9,.872,1.1,2.7,3.8,5.5,1.3,0.1,2.0,2.1,10.1
Admiral Schofield,SF,22,WAS,26,2,11.2,1.2,2.9,.400,0.5,1.8,.298,0.6,1.1,.571,.493,0.3,0.5,.692,0.2,1.1,1.3,0.5,0.3,0.1,0.3,1.6,3.2
Dennis Schröder,PG,26,OKC,61,1,31.0,7.0,14.9,.470,1.9,5.0,.381,5.1,9.9,.516,.535,3.0,3.6,.849,0.3,3.4,3.7,4.0,0.6,0.2,2.6,2.2,19.0
Mike Scott,PF,31,PHI,60,8,17.4,2.0,5.0,.404,1.2,3.3,.357,0.8,1.7,.495,.522,0.4,0.5,.889,0.8,2.6,3.4,0.6,0.3,0.1,0.4,1.3,5.6
Thabo Sefolosha,PF,35,HOU,40,0,10.7,0.9,2.3,.411,0.4,1.4,.278,0.6,0.9,.611,.494,0.1,0.2,.375,0.5,1.8,2.3,0.6,0.6,0.3,0.4,1.1,2.3
Collin Sexton,SG,21,CLE,62,62,32.7,7.8,16.6,.467,1.5,4.0,.386,6.2,12.7,.492,.513,3.4,4.1,.845,1.0,2.2,3.1,2.9,1.0,0.1,2.3,2.2,20.5
Landry Shamet,SG,22,LAC,44,27,28.2,3.3,7.6,.428,2.3,5.8,.402,0.9,1.8,.513,.582,1.2,1.3,.897,0.1,1.8,2.0,1.8,0.4,0.2,0.8,2.8,10.0
Marial Shayok,SG,24,PHI,2,0,5.0,0.5,2.5,.200,0.5,1.5,.333,0.0,1.0,.000,.300,0.0,0.0,,0.0,1.5,1.5,0.5,0.0,0.0,0.5,0.0,1.5
Iman Shumpert,SG,29,BRK,13,0,18.5,1.6,4.9,.328,0.6,2.5,.242,1.0,2.4,.419,.391,0.3,0.5,.571,0.7,1.9,2.6,0.9,0.9,0.2,0.8,1.6,4.2
Pascal Siakam,PF,25,TOR,50,50,35.3,8.8,19.0,.461,2.2,6.0,.370,6.5,13.0,.503,.519,4.0,5.0,.793,1.1,6.4,7.5,3.5,1.0,1.0,2.5,2.8,23.7
Chris Silva,PF,23,MIA,40,0,7.7,1.1,1.7,.623,0.0,0.1,.000,1.1,1.7,.642,.623,0.9,1.2,.694,1.4,1.4,2.7,0.5,0.2,0.5,0.8,2.0,3.0
Ben Simmons,PG,23,PHI,54,54,35.7,6.7,11.4,.585,0.0,0.1,.333,6.6,11.3,.588,.587,3.3,5.3,.627,2.0,5.8,7.8,8.2,2.1,0.6,3.6,3.2,16.7
Anfernee Simons,SG,20,POR,62,4,21.9,3.3,8.3,.400,1.2,3.5,.341,2.1,4.8,.443,.472,1.2,1.5,.822,0.4,2.0,2.3,1.5,0.4,0.2,1.0,2.0,9.0
Alen Smailagić,PF,19,GSW,14,0,9.9,1.4,2.9,.500,0.2,0.9,.231,1.2,1.9,.630,.538,1.1,1.4,.842,0.7,1.2,1.9,0.9,0.2,0.3,0.8,1.0,4.2
Marcus Smart,SG,25,BOS,50,36,32.2,4.4,11.6,.377,2.4,6.8,.347,2.0,4.8,.420,.479,1.9,2.3,.828,0.7,3.0,3.7,4.9,1.7,0.5,1.7,2.7,13.0
Dennis Smith,PG,22,NYK,34,3,15.8,2.1,6.2,.341,0.5,1.6,.296,1.6,4.6,.357,.379,0.8,1.6,.509,0.6,1.7,2.3,2.9,0.8,0.2,1.7,1.9,5.5
Ish Smith,PG,31,WAS,60,19,26.2,4.4,9.7,.451,0.9,2.5,.367,3.5,7.2,.480,.498,0.8,1.2,.686,0.5,2.7,3.2,4.8,0.9,0.4,1.3,1.4,10.5
Zhaire Smith,SG,20,PHI,7,0,4.6,0.4,1.6,.273,0.0,0.4,.000,0.4,1.1,.375,.273,0.3,0.6,.500,0.0,0.3,0.3,0.3,0.4,0.0,0.3,0.6,1.1
Tony Snell,SF,28,DET,56,54,27.7,2.9,6.5,.450,1.8,4.3,.409,1.1,2.1,.533,.587,0.5,0.5,1.000,0.1,1.7,1.9,2.1,0.5,0.3,0.5,1.7,8.1
Omari Spellman,PF,22,GSW,49,3,18.1,2.6,6.0,.431,0.9,2.2,.391,1.7,3.8,.454,.503,1.5,1.9,.793,1.6,2.9,4.5,1.0,0.7,0.5,1.1,1.3,7.6
Max Strus,SG,23,CHI,2,0,3.0,1.0,1.5,.667,0.0,0.5,.000,1.0,1.0,1.000,.667,0.5,0.5,1.000,0.5,0.0,0.5,0.0,0.0,0.0,0.0,0.5,2.5
Edmond Sumner,PG,24,IND,22,2,13.0,1.7,4.0,.420,0.4,1.4,.267,1.3,2.6,.500,.466,0.5,0.7,.667,0.4,1.0,1.3,1.4,0.6,0.3,0.7,1.4,4.2
Caleb Swanigan,PF,22,TOT,24,1,11.1,1.2,2.0,.596,0.0,0.1,.000,1.2,1.9,.622,.596,0.4,0.7,.529,1.1,2.8,3.8,1.0,0.1,0.3,1.4,2.5,2.7
Jayson Tatum,PF,21,BOS,56,56,34.6,8.4,18.8,.450,2.8,7.1,.398,5.6,11.6,.482,.526,3.9,4.8,.813,1.0,6.1,7.1,3.0,1.3,0.9,2.3,2.0,23.6
Jeff Teague,PG,31,TOT,55,16,25.1,3.6,8.4,.430,0.7,2.0,.360,2.9,6.4,.451,.473,3.0,3.4,.872,0.5,2.0,2.4,5.3,0.8,0.3,2.1,1.8,10.9
Garrett Temple,SG,33,BRK,55,31,28.1,3.6,9.5,.378,2.0,6.3,.324,1.6,3.2,.483,.485,1.0,1.3,.767,0.5,2.9,3.5,2.6,0.8,0.5,1.0,1.7,10.3
Daniel Theis,C,27,BOS,55,54,23.5,3.6,6.5,.557,0.4,1.4,.299,3.2,5.1,.629,.590,1.4,1.8,.758,2.3,4.3,6.5,1.6,0.6,1.3,0.8,3.5,9.0
Isaiah Thomas,PG,30,WAS,40,37,23.1,4.4,10.7,.408,2.0,4.7,.413,2.4,5.9,.405,.500,1.6,1.9,.816,0.3,1.4,1.7,3.7,0.3,0.2,1.9,1.9,12.2
Khyri Thomas,SG,23,DET,6,0,5.7,0.3,1.3,.250,0.3,1.2,.286,0.0,0.2,.000,.375,0.2,0.3,.500,0.0,0.0,0.0,0.3,0.3,0.0,0.3,0.5,1.2
Matt Thomas,SG,25,TOR,30,0,9.9,1.6,3.3,.495,1.1,2.3,.493,0.5,1.0,.500,.667,0.2,0.3,.750,0.2,1.2,1.4,0.6,0.2,0.0,0.3,0.9,4.6
Tristan Thompson,C,28,CLE,55,50,30.5,5.1,10.0,.515,0.2,0.4,.429,5.0,9.6,.519,.524,1.8,2.8,.632,4.1,6.1,10.2,2.1,0.6,0.9,1.8,2.2,12.2
Matisse Thybulle,SG,22,PHI,54,11,19.5,1.6,4.1,.403,0.9,2.5,.356,0.8,1.6,.477,.511,0.4,0.7,.615,0.6,0.9,1.5,1.2,1.4,0.7,0.8,2.2,4.6
Anthony Tolliver,PF,34,TOT,44,9,15.4,1.1,3.3,.345,0.8,2.6,.319,0.3,0.7,.438,.469,0.4,0.5,.696,0.7,2.2,2.9,0.8,0.3,0.3,0.6,1.4,3.5
Juan Toscano-Anderson,SF,26,GSW,10,3,22.2,2.5,5.2,.481,0.8,1.9,.421,1.7,3.3,.515,.558,0.3,0.5,.600,0.5,3.6,4.1,2.1,1.2,0.5,1.6,2.6,6.1
Karl-Anthony Towns,C,24,MIN,35,35,33.9,9.0,17.8,.508,3.3,7.9,.412,5.8,9.9,.586,.600,5.1,6.5,.796,2.7,8.1,10.8,4.4,0.9,1.2,3.1,3.3,26.5
Gary Trent,SG,21,POR,50,8,20.0,2.8,6.5,.429,1.5,3.8,.404,1.3,2.8,.464,.546,0.5,0.6,.844,0.4,1.3,1.7,1.0,0.7,0.2,0.4,1.3,7.7
Allonzo Trier,PG,24,NYK,23,1,12.1,2.1,4.4,.480,0.8,2.2,.360,1.3,2.3,.596,.569,1.5,1.9,.791,0.2,1.0,1.2,1.1,0.1,0.2,1.0,1.2,6.5
P.J. Tucker,PF,34,HOU,60,60,34.6,2.6,5.9,.438,1.5,4.0,.376,1.1,1.9,.570,.566,0.6,0.7,.841,1.6,5.3,6.9,1.6,1.1,0.5,1.1,3.3,7.3
Rayjon Tucker,SG,22,UTA,14,0,5.6,0.6,1.4,.421,0.0,0.4,.000,0.6,0.9,.615,.421,0.2,0.4,.600,0.1,0.8,0.9,0.1,0.1,0.0,0.2,0.5,1.4
Evan Turner,PG,31,ATL,19,0,13.2,1.3,3.5,.373,0.0,0.3,.000,1.3,3.3,.403,.373,0.6,0.7,.857,0.4,1.6,2.0,2.0,0.5,0.4,1.4,1.1,3.3
Myles Turner,C,23,IND,52,52,29.3,4.1,9.3,.443,1.4,4.2,.336,2.7,5.1,.532,.520,1.9,2.5,.758,1.3,5.1,6.4,1.1,0.8,2.1,1.3,2.5,11.6
Jarrod Uthoff,SF,26,MEM,2,0,4.0,0.0,1.5,.000,0.0,1.0,.000,0.0,0.5,.000,.000,0.0,0.0,,0.0,0.0,0.0,0.0,0.5,0.0,0.0,0.5,0.0
Jonas Valančiūnas,C,27,MEM,59,59,26.0,6.1,10.6,.573,0.5,1.3,.372,5.6,9.3,.602,.597,1.8,2.5,.738,3.0,8.0,11.1,1.8,0.4,1.1,1.7,2.6,14.5
Denzel Valentine,SF,26,CHI,33,2,12.6,2.5,6.0,.409,1.3,3.6,.350,1.2,2.4,.500,.515,0.2,0.2,.833,0.2,1.8,2.0,1.1,0.6,0.2,0.7,1.3,6.3
Jarred Vanderbilt,SF-PF,20,TOT,11,0,4.2,0.5,0.7,.625,0.0,0.1,.000,0.5,0.6,.714,.625,0.2,0.2,1.000,0.3,0.5,0.8,0.2,0.3,0.1,0.6,0.5,1.1
Fred VanVleet,PG,25,TOR,48,48,35.8,6.0,14.6,.409,2.7,7.0,.388,3.3,7.6,.430,.503,2.9,3.5,.843,0.4,3.4,3.8,6.6,1.9,0.3,2.3,2.5,17.6
Gabe Vincent,PG,23,MIA,5,0,8.2,0.8,3.8,.211,0.8,3.2,.250,0.0,0.6,.000,.316,0.0,0.0,,0.0,0.6,0.6,0.6,0.2,0.0,0.0,0.4,2.4
Noah Vonleh,C-PF,24,TOT,32,1,11.3,1.6,2.8,.562,0.1,0.5,.200,1.5,2.3,.635,.579,0.8,0.9,.800,1.1,2.7,3.8,0.8,0.3,0.2,0.7,1.2,4.0
Nikola Vučević,C,29,ORL,51,51,32.5,7.9,16.9,.466,1.6,4.8,.329,6.3,12.1,.520,.513,2.1,2.6,.778,2.4,8.5,10.9,3.7,0.9,0.9,1.4,2.2,19.4
Dean Wade,PF,23,CLE,12,0,5.9,0.8,1.1,.692,0.2,0.3,.500,0.6,0.8,.778,.769,0.0,0.1,.000,0.3,1.3,1.6,0.2,0.2,0.3,0.3,0.7,1.7
Moritz Wagner,C,22,WAS,34,5,19.1,3.6,6.4,.564,0.7,2.0,.343,2.9,4.4,.662,.617,1.7,2.2,.797,1.4,4.0,5.3,1.4,0.6,0.5,1.6,3.6,9.6
Dion Waiters,SG,28,MIA,3,0,14.0,3.3,8.7,.385,2.7,5.7,.471,0.7,3.0,.222,.538,0.0,0.3,.000,0.0,3.7,3.7,1.0,0.0,0.7,1.0,1.7,9.3
Kemba Walker,PG,29,BOS,47,47,32.0,7.2,16.8,.428,3.4,8.8,.386,3.8,8.0,.475,.530,4.0,4.6,.869,0.7,3.4,4.1,5.0,1.0,0.5,2.1,1.6,21.7
Lonnie Walker,SG,21,SAS,52,4,14.4,2.2,5.0,.439,0.6,1.3,.420,1.7,3.7,.446,.494,0.7,1.0,.717,0.4,1.8,2.2,0.8,0.5,0.3,0.6,1.3,5.7
Tyrone Wallace,SG,25,ATL,14,0,11.4,1.0,3.1,.318,0.1,1.1,.067,0.9,2.1,.448,.330,0.8,1.2,.647,0.2,1.4,1.6,0.9,0.5,0.1,0.7,1.4,2.9
Taurean Waller-Prince,SF,25,BRK,61,61,29.0,4.4,11.6,.382,2.4,6.8,.349,2.0,4.8,.430,.484,1.0,1.3,.772,0.8,5.1,5.9,1.9,0.9,0.4,2.0,2.5,12.2
Derrick Walton,PG,24,TOT,26,1,9.5,0.7,1.5,.462,0.4,0.9,.417,0.3,0.6,.533,.590,0.3,0.3,.778,0.1,0.5,0.6,1.0,0.3,0.0,0.2,0.8,2.0
Brad Wanamaker,PG,30,BOS,60,1,19.3,2.2,5.1,.425,0.6,1.5,.375,1.6,3.7,.445,.479,1.7,1.8,.927,0.3,1.7,2.0,2.6,0.8,0.2,1.1,1.9,6.6
T.J. Warren,SF,26,IND,59,59,32.5,7.5,14.2,.530,1.2,3.1,.378,6.4,11.2,.571,.570,2.5,3.1,.807,0.9,2.9,3.9,1.5,1.2,0.4,1.3,2.7,18.7
P.J. Washington,PF,21,CHO,54,53,30.4,4.6,10.0,.456,1.4,3.8,.377,3.1,6.2,.503,.527,1.5,2.3,.640,1.0,4.5,5.5,2.1,0.9,0.8,1.6,2.7,12.0
Yuta Watanabe,SG,25,MEM,14,0,6.6,0.7,1.9,.370,0.2,0.6,.375,0.5,1.4,.368,.426,0.2,0.6,.375,0.3,0.8,1.1,0.3,0.3,0.1,0.1,0.6,1.9
Tremont Waters,PG,22,BOS,10,0,8.9,1.2,3.5,.343,0.3,1.7,.176,0.9,1.8,.500,.386,0.6,0.6,1.000,0.0,0.9,0.9,1.2,0.5,0.2,1.0,1.1,3.3
Paul Watson,SF-SG,25,TOT,5,0,5.0,0.0,1.6,.000,0.0,0.8,.000,0.0,0.8,.000,.000,0.2,0.4,.500,0.0,0.8,0.8,1.0,0.2,0.2,0.0,0.2,0.2
Quinndary Weatherspoon,SG,23,SAS,1,0,4.0,0.0,1.0,.000,0.0,0.0,,0.0,1.0,.000,.000,0.0,0.0,,0.0,0.0,0.0,0.0,0.0,0.0,0.0,0.0,0.0
Russell Westbrook,PG,31,HOU,50,50,36.1,10.7,22.7,.473,1.0,3.9,.253,9.8,18.8,.518,.494,5.1,6.5,.781,1.7,6.2,7.9,7.1,1.6,0.3,4.4,3.6,27.5
Coby White,SG,19,CHI,62,0,25.2,4.6,11.8,.392,2.0,5.6,.357,2.6,6.2,.423,.477,1.5,1.9,.788,0.5,3.0,3.5,2.5,0.8,0.1,1.6,1.8,12.8
Derrick White,SG,25,SAS,58,11,23.8,3.4,7.5,.456,0.9,2.6,.358,2.5,4.9,.507,.517,2.3,2.7,.854,0.5,2.7,3.2,3.3,0.6,0.8,1.2,2.1,10.1
Hassan Whiteside,C,30,POR,58,58,31.1,6.7,11.0,.612,0.1,0.1,.500,6.7,10.9,.613,.614,2.6,3.7,.694,4.0,10.2,14.2,1.2,0.4,3.1,1.9,3.0,16.1
Andrew Wiggins,SF-SG,24,TOT,51,51,34.4,8.2,18.3,.447,2.1,6.2,.331,6.1,12.1,.507,.504,3.6,5.0,.719,1.2,3.9,5.1,3.7,0.9,1.0,2.5,2.3,22.0
Grant Williams,PF,21,BOS,59,5,15.8,1.3,3.1,.427,0.3,1.3,.256,1.0,1.8,.551,.481,0.6,0.9,.725,1.0,1.7,2.7,1.0,0.4,0.5,0.8,2.4,3.6
Johnathan Williams,C,24,WAS,11,5,12.3,1.5,2.3,.640,0.0,0.2,.000,1.5,2.1,.696,.640,0.3,0.5,.600,1.4,2.5,3.9,0.5,0.1,0.5,0.4,1.0,3.2
Kenrich Williams,PF,25,NOP,35,18,22.3,1.4,4.1,.343,0.7,2.7,.260,0.7,1.3,.511,.430,0.3,0.7,.375,1.4,3.7,5.1,1.5,0.7,0.6,0.6,2.3,3.8
Lou Williams,SG,33,LAC,58,8,29.5,6.3,14.9,.419,1.8,5.0,.366,4.4,9.9,.445,.480,4.7,5.5,.862,0.5,2.6,3.1,5.8,0.7,0.2,2.9,1.3,19.1
Marvin Williams,PF,33,TOT,50,1,19.3,2.1,4.9,.440,1.0,2.8,.357,1.1,2.1,.553,.543,0.9,1.0,.865,0.4,2.4,2.8,1.0,0.7,0.5,0.6,1.7,6.2
Robert Williams,C,22,BOS,21,1,14.0,1.9,2.7,.684,0.0,0.0,,1.9,2.7,.684,.684,0.6,1.1,.522,1.3,3.2,4.5,1.0,0.9,1.1,0.9,1.8,4.3
Nigel Williams-Goss,PG,25,UTA,9,0,3.1,0.1,0.8,.143,0.0,0.2,.000,0.1,0.6,.200,.143,0.2,0.2,1.000,0.2,0.3,0.6,0.6,0.1,0.1,0.2,0.2,0.4
Zion Williamson,PF,19,NOP,17,17,29.5,9.2,15.8,.582,0.3,0.7,.417,8.9,15.1,.590,.591,5.4,8.4,.641,3.1,3.8,6.8,2.2,0.9,0.4,2.6,1.8,24.0
D.J. Wilson,PF,23,MIL,30,0,8.6,1.2,3.0,.396,0.4,1.6,.245,0.8,1.4,.571,.462,0.2,0.3,.667,0.3,1.7,2.0,0.7,0.1,0.2,0.5,0.7,3.0
Justise Winslow,SF,23,MIA,11,5,32.0,4.5,11.7,.388,0.5,2.5,.222,4.0,9.3,.431,.411,1.6,2.5,.667,1.5,5.2,6.6,4.0,0.6,0.5,2.2,3.5,11.3
Christian Wood,PF,24,DET,59,9,20.6,4.3,7.7,.558,0.8,2.2,.394,3.4,5.5,.623,.614,2.9,3.8,.752,1.6,4.5,6.2,0.9,0.5,0.9,1.3,1.6,12.3
Delon Wright,SG,27,DAL,61,5,21.5,2.7,5.9,.465,0.7,1.8,.370,2.1,4.1,.506,.521,1.1,1.4,.779,1.0,2.9,3.9,3.4,1.1,0.3,1.0,1.3,7.2
Justin Wright-Foreman,PG,22,UTA,1,0,2.0,0.0,0.0,,0.0,0.0,,0.0,0.0,,,0.0,0.0,,0.0,0.0,0.0,0.0,0.0,0.0,0.0,0.0,0.0
Thaddeus Young,PF,31,CHI,61,16,24.9,4.2,9.4,.450,1.2,3.4,.364,3.0,5.9,.500,.517,0.6,1.0,.594,1.5,3.4,4.9,1.8,1.4,0.4,1.6,2.1,10.3
Trae Young,PG,21,ATL,57,57,35.3,9.1,20.8,.439,3.4,9.4,.360,5.7,11.4,.503,.520,8.1,9.3,.864,0.5,3.8,4.3,9.3,1.1,0.1,4.8,1.7,29.6
Cody Zeller,C,27,CHO,54,35,23.0,4.4,8.4,.519,0.3,1.3,.236,4.1,7.1,.572,.537,2.0,2.9,.667,2.8,4.3,7.1,1.5,0.7,0.4,1.3,2.5,11.0
Ante Žižić,C,23,CLE,21,0,10.3,2.0,3.4,.577,0.0,0.0,,2.0,3.4,.577,.577,0.7,0.9,.737,0.9,2.3,3.1,0.3,0.3,0.2,0.5,1.3,4.6
Ivica Zubac,C,22,LAC,61,59,18.1,3.2,5.3,.599,0.0,0.0,.000,3.2,5.3,.602,.599,1.6,2.1,.752,2.6,4.5,7.0,1.1,0.2,0.9,0.8,2.3,8.0
